id,description,scrapetimesdescription
503f2a9426b10822,"Ben jij een aanstormend talent op gebied marketing en sta jij in de startblokken om een bijdrage te leveren aan de ambitieuze plannen van een gerenommeerde internationale onderneming? Voor Spanninga zijn wij op zoek naar een enthousiaste en resultaatgerichte Junior Marketing Specialist. Als Junior Marketing Specialist maak je op het hoofdkantoor in Joure deel uit van een gedreven marketing team. Je ondersteunt de Productmanager en werkt nauw samen met collega’s van de afdelingen Marketing, Sales en Research and Development. Je volgt de ontwikkelingen op de internationale markt op de voet zodat deze kunnen worden vertaald naar een productassortiment dat perfect aansluit bij de wensen en behoeften van de klant in binnen- en buitenland. Wat ga je doen? uitvoeren van marktonderzoek en analyseren van de onderzoeksresultaten ondersteunen van de Productmanager bij het bepalen van strategieën omtrent productontwikkeling en product marketing de collega’s van de afdelingen Sales en Marketing voorzien van gedetailleerde productinformatie bewaken van deadlines bij de lancering van nieuwe producten toetsen van de geïmplementeerde marketing- en product strategieën op efficiëntie bezoeken van beurzen en seminars in binnen- en buitenland Over het bedrijf Over Spanninga Spanninga is opgericht in 1918 en uitgegroeid tot een wereldwijd toonaangevende producent van exclusieve en innovatieve high-end oplossingen voor micromobiliteit. Het speerpunt ligt hierbij met name op fietsverlichting. Het familiebedrijf met 200 medewerkers heeft vestigingen in Nederland, Frankrijk en Azië. De productie vindt plaats in eigen fabrieken in Nederland, Frankrijk en China. Spanninga is een voorloper op het gebied van fietsveiligheid en de naam Spanninga staat voor innovatie. Op deze manier hebben zij al meer dan honderd jaar het vertrouwen en de erkenning van hun klanten weten te behouden. “Keep ahead of light” was, is en zal altijd de filosofie zijn. Dit is gebaseerd op constant onderzoek naar nieuwe technologieën, optieken, elektronica en gebruikersinzichten. Wat wij bieden Wat bieden wij jou? Je stapt binnen bij in een familiebedrijf met een collegiale, open en informele sfeer. Een internationale en inspirerende werkomgeving met volop kansen om jezelf verder te ontwikkelen. Grijp jij deze kans met beide handen aan? Dan treed je direct in dienst bij Spanninga op basis van een jaarcontract. Het betreft functie voor 38 uur per week, maar een 32 uur is bespreekbaar. Je salaris zal worden vastgesteld op basis van jouw kennis en ervaring. Salarisrichtlijn € 2400,00 - € 3000,00 per maand. Solliciteren Abiant verzorgt voor Spanninga de werving en selectie voor de functie van Junior Marketing Specialist en jij zult direct in dienst treden bij Spanninga. Heb je nog vragen, aarzel dan niet om contact op te nemen met Annet Fruitema, Adviseur Werving en selectie bij Abiant. Annet is bereikbaar op telefoonnummer 050 206 00 91.  Voldoe jij aan de geschetste verwachtingen en pas jij bij de gedreven cultuur van Spanninga? Wij zijn benieuwd wie jij bent, waar jij voor gaat, maar ook wat jouw ambities zijn. We kijken uit naar je verhaal en ontvangen je sollicitatie graag voor 28 februari 2021.  Wat verwachten wij van jou? een afgeronde opleiding op hbo-niveau richting Marketing Management of vergelijkbaar minimaal 1 jaar relevante stage- of werkervaring in marketing en sales gedegen kennis van (digitale) marketing en marktonderzoek uitstekende beheersing van de Nederlandse en Engelse taal in woord en geschrift sterk analytisch en probleemoplossend karakter Daarnaast ben je ambitieus, beschik je over een sterke commerciële drive en heb je een scherp oog voor kansen in markt. Je werkt gestructureerd, weet prioriteiten te stellen en schakelt makkelijk tussen verschillende taken en verantwoordelijkheden. Je weet jezelf goed te presenteren en communiceert zowel mondeling als schriftelijk met gemak in het Engels.",2021-03-16 16:57:22
8b5007fe85da3a3d,"Voor een opdrachtgever gespecialiseerd in online nascholing voor verschillende doelgroepen (o.a. artsen, apothekers, advocaten, notarissen, accountants en leraren) zijn wij op zoek naar een junior juridisch contentmanager. Voor het uitbreiden van de nascholingspakketten voor juristen zijn zij voor de redactie op zoek naar een startende content manager. Waar ga je werken: Onze opdrachtgever is gevestigd in Utrecht. Zij zijn de grootste aanbieder van online nascholing in een snel ontwikkelende markt. Zij zijn met meer dan 50.000 cursisten en 500.000 gevolgde cursussen specialist en marktleider in online educatie. Met een groot online aanbod vervangen zij de bijeenkomsten van traditionele nascholingsaanbieders. Abonnees kunnen onbeperkt kiezen uit een groot aanbod aan onderwerpen van hoge kwaliteit. In Nederland bieden zij aan ruim 20 doelgroepen uitgebreide nascholingspakketten met meer dan 1200 online cursussen. Zij richten zich op de gezondheidszorg. Daarnaast ontwikkelen ze nascholing voor accountants, fiscalisten,notarissen (PE-Academy) en advocaten (PO-Online). Ook hebben ze een uitgebreid cursusaanbod voor docenten en leerkrachten. Wat ga je doen: Plannen, coördineren en aansturen van het ontwikkel-, redactie- en productieproces, zowel intern als met externe redacties en docenten; In overleg met auteurs komen tot een innovatief en aantrekkelijk e-learning aanbod; Aangeleverd materiaal beoordelen op kwaliteit, vorm en op geschiktheid voor multimediale toepassingen; Meedenken over infographics en animaties, begeleiden van studio-opnamen; Opbouwen en onderhouden van een auteurs-/docentenbestand; Het bewaken van de kosten conform het budget. Wat vragen wij: HBO/WO denkniveau met een juridische achtergrond (bijvoorbeeld rechten); Communicatief en relationeel sterk; Marktgericht kunnen denken; Echte hands-on mentaliteit; Goed kunnen samenwerken met andere afdelingen, zoals vormgeving, studio, sales en marketing; Goede balans tussen oog voor detail en onder tijdsdruk resultaatgericht kunnen werken; Proactief met grote mate van zelfstandigheid; Perfecte beheersing van de Nederlandse taal; Accuraat; Creatief; Digitaal vaardig. Wat bieden wij jou: Een hele mooie startersfunctie waarbij je intern wordt opgeleid. Je komt te werken in een dynamische werkomgeving met een team van enthousiaste collega’s: een goede mix van jong en oud. De organisatie is sterk marktgericht; dit betekent dat er weinig wordt vergaderd en een hands-on mentaliteit van belang is. De werktijden zijn in overleg vast te stellen. Ze werken met ongeveer 90 collega’s aan het vergroten van hun succes. Met de nieuwste technieken, een eigen studio, eigen ICT-ontwerpers en een design afdeling zijn ze in staat snel te accelereren en in te spelen op de kansen die de markt ons biedt. Het is een gezond, dynamisch bedrijf met enorme potentie. Uiteraard ontvang je een marktconform salaris. Interesse? Dan zien wij jouw sollicitatie graag tegemoet! Je mag jouw CV sturen naar regioutrecht@adecco.nl. Wil je liever eerst meer informatie? Neem dan contact op met Ellen Jellema. Je kan bellen of appen op 06-52367225.",2021-03-16 16:57:26
a9c066819470c51e,"Op ons hoofdkantoor in Harderwijk bouwen we met onze afdeling marketing bij aan de commerciële doelstellingen van T.S. Health Products. Daarnaast bouwen we continu aan het merk en imago van onze producten met als doel onze positie in de markt te handhaven én te verbeteren. Dit doen we door dagelijks te communiceren met mensen die geïnteresseerd zijn in een gezonde en natuurlijke levensstijl. Denk hierbij aan bijvoorbeeld TV, radio, folders, advertenties, winkelcommunicatie, online, social media en diverse speciale projecten. Met een super leuk en gedreven marketingteam werken wij hier vol enthousiasme aan!Krijg jij energie van de social media? Ben jij positief ingesteld en heb je humor? Ben jij een echte storyteller? Heb jij voor elke situatie wel een creatieve oplossing paraat? Dan kijken we uit naar een online ontmoeting met jouw! De functie: Samen met je naaste collega ben je medeverantwoordelijk voor alle social media accounts (Facebook, Instagram, Pinterest en YouTube). Jij initieert, bedenkt, creëert en plaatst content op alle social kanalen. Jij bent de spil van community management. Je denkt mee over de social strategie en zet campagnes uit. Je zet briefings uit en beoordeelt de output. Je speelt in op online trends en dagelijkse actualiteiten. Je implementeert nieuwe tools en functionaliteiten. Je rapporteert over en analyseert de kwalitatieve en kwantitatieve resultaten van social media. Dit ben jij: Je hebt minimaal een Hbo-opleiding, bijvoorbeeld in de richting communicatie of journalistiek. Minimaal 2 jaar werkervaring binnen een vergelijkbare functie, inclusief aantoonbare ervaring in het bedenken en plaatsen van content op diverse social kanalen. Je beheerst de Nederlandse taal uitstekend en je bent een ervaren copywriter. Je hebt affiniteit met en bent altijd op de hoogte van de laatste ontwikkelingen op het gebied van sociale media. Je bent een ervaren en gedreven storyteller en vindt het leuk om creatief in te haken op de actualiteit. Je bent een teamspeler met een hands-on mentaliteit en gewend je werk af te stemmen met je directe collega. Je bent flexibel en je kunt je moeiteloos aanpassen aan de dynamische wereld waarin we ons bevinden. Beheersing van Adobe Photoshop/In design, Woo Commerce en Google Analytics is een must. Ervaring met Coosto en Magento, is een pré. Jij weet wie onze fans op de socials zijn en wat ze willen zien. Natuurlijke gezondheid is een way of life en je wilt daar iedereen graag over vertellen! Je bent fulltime en flexibel beschikbaar (als het werk gedaan moet worden regel je dat, maakt niet uit wanneer). Wat hebben wij jouw te bieden: Een gedegen inwerktraject waarin we je kennis laten maken met onze organisatie, processen, cultuur en mensen. Een unieke, zelfstandig functie met veel verantwoordelijkheid, vrijheid en impact binnen een groeiend familiebedrijf dat volop in beweging is. Goede arbeidsvoorwaarden en volop ruimte voor persoonlijke ontwikkeling. Interesse?Dan zien wij jouw sollicitatie zo snel mogelijk tegemoet! Voor eventuele vragen over de inhoud van de functie dan kun je het beste contact opnemen Marcel de Wilde, Marketing Manager Benelux via telefoonnummer 0341 – 462 121. Wil je direct solliciteren? Klik dan op de button en upload je CV en motivatie ter attentie van Jeanette van Wijk, HR Manager. Een casus maakt onderdeel uit van de procedure. Acquisitie naar aanleiding van deze vacature wordt niet op prijs gesteld.",2021-03-16 16:57:30
9ebd12e475ac2545,"Deze organisatie in Arnhem is gespecialiseerd in het aanbieden van hoogwaardige IT oplossingen aan productie en logistieke bedrijven, nationaal en internationaal. Het bedrijf heeft een eigen platform ontwikkeld waarmee bedrijven gemakkelijk belangrijke informatiestromen en processen kunnen managen. Focus punt in haar gehele strategie is MVO; op een duurzame manier een steentje bijdragen aan mens en milieu. In totaal werken er bijna 30 mensen in een prettige en informele setting dagelijks aan het optimaliseren én uitbreiden van het platform. Er is veel ruimte voor eigen inbreng, je krijgt de vrijheid om zelf je dag in te delen aangezien je echt zelf de verantwoordelijkheid krijgt over klanten.  Heb jij de creativiteit en verkoopgerichtheid om overtuigende marketingcommunicatie te leveren die spelers in de zakelijke markten naar de volgende stap in hun verkooppijplijn drijft? Je draagt bij aan de branding, positionering en het genereren van leads voor mijn opdrachtgever. Je maakt gebruik van media, inspirerende (engelse) teksten cq contentmarketing, om de lead-generatie naar een hoger plan te tillen. Kortom een zeer veelzijdige functie met erg veel uitdaging binnen een sterk groeiend en internationaal georiënteerde organisatie!  Je hebt minimaal een afgeronde HBO diploma Je hebt minimaal 3 jaar ervaring als online/content marketeer Je bent erg goed in het schrijven van inspirerende content (Engels en Nederlands!) Bij voorkeur heb je ervaring met bijvoorbeeld Mailshimp, Hubspot Je beheerst het maken van Adwords en Linkedin campagnes Je bent communicatief vaardig en toond initatief   Arbeidsvoorwaarden Werken binnen een internationaal georiënteerde organisatie met erg veel uitdaging. Daarnaast heb je veel eigen vrijheid om je eigen ideeën en visies in te brengen. Het salaris is afhankelijk van de ervaring die je meebrengt. Interesse? Ik ontvang graag je CV in word format naar ivano@careervalue.nl Inhoudelijke vragen? 06-31795833   Sollicitatieprocedure Bel 088-8833060 voor contact met Ivano Colonna of mail uw CV naar: ivano@careervalue.nl.",2021-03-16 16:57:33
31a8ab69bd662ba8,"Weet jij alles van data gestuurde online marketing? Ben jij geïnteresseerd in de laatste trends in online marketing? Ben jij gespecialiseerd in het omzetten van data naar daadkrachtige marketing? Dan zijn wij als snel groeiende webshop jouw nieuwe uitdaging! Onze solide fundering op het gebied van online marketing wordt met jouw kennis, ervaring en gedrevenheid verder uitgebreid tot een prachtig kasteel. Je maakt uiteraard gebruik van Google Adwords, Google Analytics, diverse online marketing kanalen en tools als bijvoorbeeld feedmanagers, Datatrics, Hotjar etc. Samen met je collega’s van onder andere de SEO afdeling, Marketing, Opmaak en Online Content bouw je aan bestaande en nieuwe webwinkels. Binnen dit team ben jij de technische man of vrouw die de juiste kennis heeft om data te vertalen voor de gehele afdeling. Daarnaast werk je mee aan onze uitgebreide SEA campagnes. Wie ben jij? Je hebt minimaal een afgeronde HBO opleiding in een relevant vakgebied. Natuurlijk spreek en schrijf je op een goed niveau Nederlands en heb je werkervaring in een soortgelijke functie. Een goed analytisch vermogen en cijfermatig is onmisbaar. Je hebt kennis van en ervaring met onder andere: Adverteren via Google (Adwords, Firebase) Adverteren via BING Google Analytics Feedmanagers Verschillende marketplaces E-mail marketing Data marketing Retargeting Verschillende optimalisatietools Verder is het super meegenomen als je beschikt over een goede SEO kennis waarmee je de online contact collega’s mee kan versterken en is ervaring met HTML en CSS eigenlijk meer dan een pré. Wat krijg jij? Wij bieden je een zelfstandige werkplek in een jong en snel groeiend bedrijf waar je je helemaal kan uitleven. Nieuwe experimenten? Doen we! Gekke ideeën? Daar geloven we niet in, geen enkel idee is gek tot het tegendeel bewezen is. Zelfs je werktijden zijn in overleg te bepalen, wij zijn toch 7 dagen in de week bijna 24 uur per dag geopend. Het is wel de bedoeling dat je bij ons op kantoor komt werken en nauw samen werkt met het gehele team. Door alleen op afstand te werken is dat niet mogelijk. Je komt dus echt bij ons in dienst, als zzp-er of marketing bureau hoef je niet te reageren. Je salaris is marktconform en hangt samen met je ervaring. Procedure Graag ontvangen we jouw motivatiebrief en CV onder vermelding van de functie waar je op solliciteert digitaal via e-mail. Stuur je sollicitatie naar sollicitatie@owsn.nl ter attentie van de heer A. Gündogan. Ook kan je simpel op de solliciteer button drukken op nationalevacaturebank.nl",2021-03-16 16:57:37
ae8725fa66485c9e,"Weet jij websites van deze organisatie goed vindbaar te maken in zoekmachines en verhoog jij het aantal bezoekers? Ben jij iemand die zich laat inspireren om daarmee jouw eigen skills en de skills van jouw gehele team op een hoger level weet te brengen, maar ook iemand die anderen inspireert. Is je antwoord JA? Lees dan snel verder! Wat ga je doen als Online Marketeer? Je bent verantwoordelijk voor de Adwords campagnes; Je zorgt voor goede content op de website en social media kanalen; Daarbij zorg je ervoor dat de webshop goed vindbaar is binnen Google; Je gaat het contact onderhouden met de online marketing bureaus; Je verbetert de conversies (a/b testen); Je denkt op een creatieve manier mee voor verbeteringen aan de website; Je bent ook verantwoordelijk voor affiliate marketing. Je maakt onderdeel uit van een team met zeven creatieve collega’s die iedere dag er weer vol voor gaan. Wie ben jij? HBO werk-en denkniveau; Een sparringpartner voor het team; Creatief en tegelijkertijd analytisch ingesteld; Proactief, gedreven en initiatiefrijk; Een uitstekende beheersing van de Nederlandse taal in woord en schrift; Reeds enkele jaren ervaring in bovenstaande is een pré. Wat bieden wij? Een uitdagend en gevarieerde functie bij een groeiende onderneming; Een gezellig, creatief en enthousiast team; Marktconform salaris gebaseerd op kennis en ervaring; Goede secundaire arbeidsvoorwaarden; 25 vakantiedagen; Een fijne werkplek waar een informele sfeer heerst; Flexibele werktijden; Een contract voor de duur van een jaar met uitzicht op vast dienstverband. Ben jij degene die deze organisatie in Zeeuws-Vlaanderen kan versterken als Online Marketeer? Solliciteer dan direct door je CV en een korte motivatie te sturen naar zuidwest@flexibility.nl. Inhoudelijke vragen? Onze recruiters Sharmaine en René beantwoorden met plezier je vragen. Bel of Whatsapp Sharmaine via 06-38073781 of René via 06-14649775 of stuur een e-mail naar zuidwest@flexibility.nl.",2021-03-16 16:57:40
60e4a720ca0b672a,"Wie zijn wij? DERC Waterjetting is de partner voor alle benodigdheden voor hogedrukreiniging voor de industriële reinigingsbranche. Met drie divisies bieden we een unieke en innovatieve combinatie van diensten en oplossingen. Twee divisies zijn centraal gelegen op het hoofdkantoor in Oud-Beijerland, waar zich ook de afdeling engineering en de productiefaciliteit bevindt. Ons opleidingscentrum is gevestigd in Stellendam. Werken bij DERC Waterjetting is een goede keuze. We bieden een uitstekende werkplek in een zeer gezond technisch bedrijf, met ruimte voor professionele en persoonlijke groei. We bieden bovendien prima arbeidsvoorwaarden. Met ruim 30 jaar expertise, een compleet dienstenpakket en een immer aanwezige passie voor innovatie, techniek en veiligheid staat DERC Waterjetting bekend als innovatie centrum voor industriële reinigings technologie. DERC Waterjetting is de holding van de werkmaatschapijen DERC Salotech en DERC Advies Groep. Bij DERC Waterjetting zijn ongeveer 35 gemotiveerde collega's werkzaam.  Zelfstandige Marketing en Communicatie Medewerker/Verantwoordelijke m/v (28-38 uur)Locatie: Oud-Beijerland Omschrijving Als Marketing & Communicatie medewerker heb je een afwisselende en zelfstandige functie binnen DERC. In deze solo-functie ben je volledig verantwoordelijk voor de offline en onlineactiviteiten van DERC Waterjetting, DERC Salotech en DERC Adviesgroep op het gebied van marketing en communicatie. Je beheert, adviseert, controleert en stuurt het hele communicatie proces aan volgens een uniforme stijl én zorgt voor een goede uitstraling. Je rapporteert direct aan de Managing Director, maar hebt ook veel contact met de overige collega’s en externe partijen als leveranciers. De volgende taken zijn o.a. deel van het takenpakket: Beheer, onderhoud, actualiseren van de bedrijfswebsites, inclusief verzorging van beeldmateriaal en het schrijven van teksten (CMS-systeem) Initiëren, ontwerpen en (deels laten) uitvoeren van alle communicatie-uitingen voor interne en externe communicatie denk hierbij aan folders, POS materialen, presentaties, nieuwsbrieven, advertenties,productvideo’s en signing Beheren, toezien op en toepassen van huisstijl in alle uitingen Organisatie, ontwerp stand en de uitvoering van beurzen en evenementen Verzorgen nieuwsbrieven; verzamelen content, schrijven teksten,verwerken tot nieuwsbrief in online programma en verzending Beheer, onderhoud en actualisatie fotodatabase Onderhouden contacten diverse interne en externe partijen Beheer en onderhoud Social Media  Functie eisen Voor deze functie zoeken wij: Je hebt HBO werk- en denkniveau (opleiding richting Communicatie/ Marketing/PR maar een commerciële HTS-er met affiniteit voor communicatie sluiten we ook niet uit) Je hebt bij voorkeur 2 tot 4 jaar (commerciële) werkervaring in dit type functie, bij voorkeur in industrie of techniek Je hebt een hands-on mentaliteit en een pro actieve werkhouding Je kan zelfstandig op zoek gaan naar informatie en dit afstemmen met diverse interne partijen Je werkt nauwkeurig, innovatief en kan goed prioriteiten stellen Je bent een doorzetter en die kan omgaan met wijzigingen en veranderingen die gedurende het proces ontstaan. itstekende mondelinge en schriftelijke vaardigheden in de Nederlandse en Engelse taal Het is een pre als je ervaring hebt met: Adobe InDesign, en Photoshop Adobe Premiere of een ander videobewerkingsprogramma CMS systemen, wij werken met Sitefinity en Wordpress Online mailprogramma’s als Mailchimp of Spotler Je bent positief ingesteld en weet een goede samenwerking te vinden met collega’s Wat bieden wij jou? Een zeer afwisselende baan, uren en werktijden in overleg (28-38 uur). Een bedrijfscultuur waarin persoonlijke ontwikkeling belangrijk is. Je start in een goed opgezette functie en ontwikkelt mee met alle ontwikkelingen in het werkveld van het bedrijf alsmede die van de marketing. Een grote mate van zelfstandigheid! Uitstekende primaire en secundaire arbeidsvoorwaarden conform de arbeidsvoorwaarden van de CAO van het Metaalbewerkingsbedrijf. Reageren? Als je je herkent in dit profiel, mail dan een motivatie met daarin jouw ervaring en beschikbaarheid (ook m.b.t. de uren) naar PZ@derc.nl t.a.v. Pieter Flikweert Voor vragen over de inhoud van de functie kun je contact opnemen met Pieter Flikweert, general manager op telefoonnummer 0186 617336 of kijk voor meer informatie op www.waterjetting.nl Acquisitie n.a.v. deze advertentie wordt niet op prijs gesteld",2021-03-16 16:57:44
d93977b40790308a,"Ben jij gedreven, creatief, ondernemend en heb jij een passie voor food? Heb jij ervaring met het herkennen van trends en het vertalen van consumentenbehoeften naar nieuwe concepten? Voor de afdeling Marketing zijn wij op zoek naar een fulltime Product Marketeer, m/v  Wij zijn Harvest House, dé vruchtgroentenspecialist van Europa. Met een areaal van ruim 1100 ha, 46 telers en een omzet van € 850 miljoen per jaar Nederlands grootste telersvereniging in vruchtgroenten met een breed assortiment tomaten, komkommers en paprika’s. We houden van doen, goed doen, gewoon doen, zelf doen maar vooral ook samen doen. Want samen bereiken we meer. We kennen onze markt. En we kennen de keten. We zijn goed in het samenbrengen van de juiste mensen en het inrichten van processen. Samen bouwen we aan een keten die de mooiste producten levert met een goed rendement. Samen kunnen we onafhankelijk zijn. En zorgen we ervoor dat we innovatief en succesvol zijn.  De afdeling Marketing bestaat uit 3 teams: Trade Marketing (TM), Consumer Marketing Insights (CMI) en Brand, Innovatie en Communicatie (BIC). Als Product Marketeer ben je onderdeel van het team BIC. Samen met je collega’s houd je de trends op het gebied van food nauwlettend in de gaten. Je weet wat er leeft bij ‘de shopper en retailer’ en vertaalt consumentenbehoeften en inzichten door naar kansrijke concepten binnen de (inter)nationale retail. Je werkt daarbij nauw samen met de afdeling Sales en het Trade Marketing Team die het contact met onze (inter)nationale retailers onderhoudt. Binnen de afdeling Marketing ben je werkzaam voor alle B.V.’s van Harvest House. Welke verantwoordelijkheden krijg jij? Samen met je collega’s bedenk en ontwikkel je nieuwe concepten en zet je deze in de markt, waarbij alle marketing P’s aan bod komen; Je schrijft product/concept specifieke marketingplannen en voert ze ook uit, je begeleidt het proces hierbij echt van A tot Z; Vanuit data/(klant)onderzoeken maak je een doorvertaling naar inzichten; Je begeleidt klantspecifieke projecten, denk hierbij o.a. aan het opmaken van het design van etiketten/verpakkingen, het begeleiden van kleine retail-beurzen, het adviseren en uitwerken van promotionele acties; Je houdt je bezig met het aansturen van verschillende creatieve bureaus en het beoordelen van de creatieve uitingen; Verpakkingsinnovaties volg je op de voet en je onderhoudt contacten met verpakkingsleveranciers; Je bent de spil in de organisatie. Hierbij heb je o.a. contact met de afdelingen Sales en Kwaliteit, verpakkingsbedrijven en onze telers; Je werkt in een jong en enthousiast team. Je rapporteert aan de Manager Brand, Innovatie en Communicatie. Wie ben jij? Je hebt HBO/WO werk- en denkniveau met bij voorkeur een afgeronde opleiding commerciële economie of marketing; Minimaal 2 jaar ervaring in een soortelijke functie; Ervaring in de FMCG branche; Je bent innovatief, begeeft je je graag buiten de gebaande paden en weet goed welke relevante trends er zijn in de markt; Affiniteit met ‘food’ waarbij groenten in het bijzonder; In staat om pragmatische oplossingen te vinden voor complexe problemen; Je bent in staat om zelfstandig te werken; Je beheerst de Nederlandse en Engelse taal uitstekend, de Duitse taal is een pré; Je kunt goed overweg met PowerPoint en hebt gevoel voor design en opmaak; Voor deze functie is het belangrijk dat je over een flexibele werkhouding beschikt. Als persoon ben je creatief, zelfstandig, enthousiast, verantwoordelijk en resultaatgericht. Daarnaast heb je overtuigingskracht en ben je een echte teamplayer. Wat jij van ons kunt verwachten Een leuke en uitdagende baan binnen een jong en dynamisch bedrijf, met perspectief en doorgroeimogelijkheden. In deze baan heb je veel verantwoordelijkheid en vrijheid waarin je zelf het verschil kunt maken. Daarnaast bieden wij een marktconform salaris, uitstekende arbeidsvoorwaarden, studiemogelijkheden en een goede pensioenregeling. Meer informatie over dit bedrijf? Bekijk hier de Harvest House bedrijfspagina.",2021-03-16 16:57:47
767766789c58193a,"Wat ga je doen? Als ambitieuze- & creatieve Content Marketeer ben je de aangewezen persoon om de verdere groei van onze lease labels en mobiliteitscentra te realiseren. Wij zijn een jong, snelgroeiend bedrijf vol ambities. Op de werkvloer heerst een dynamische, informele no-nonsense sfeer waar initiatief wordt gewaardeerd én gestimuleerd. Werken bij ons vraagt een kritische en constructieve houding, een collegiale- en commerciële instelling, maar vooral plezier hebben in je werk. Je krijgt in deze functie de vrijheid om jezelf verder te ontwikkelen en onze positie in de (online) markt te versterken. Wie ben jij? Als Content Marketeer ben jij verantwoordelijk voor de uitingen van al onze labels (zowel tekstueel als visueel). Dit betekent dat jij aan de hand van onze doelen de content bedenkt, maakt en analyseert. We zijn op zoek naar iemand met enige in online teksten schrijven en het maken van visuals zoals banners en/of Social Media posts. Daarnaast is het belangrijk dat je houdt van data analyse. Daar zijn wij zelf namelijk gek op. Google Analytics ken jij dus op je duimpje. Als groeiend online marketing team vinden we het belangrijk om continu voorop te lopen. Daarom zorg je er samen met de rest van het online marketing team voor dat we op de hoogte blijven van de laatste ontwikkelingen. Je wordt verder verantwoordelijk voor o.a. de volgende taken: Bedenken van content (blogs, Social Media posts, mailings etc.); Creëren van de content (teksten schrijven, photoshoppen of wat nodig is); Analyseren van de content (welke teksten en posts zijn het meest effectief); Onze Ads specialist ondersteunen met visuals (denk aan betaalde banners voor Google Ads of onze Socials). Wat vragen we van je? Afgeronde HBO-opleiding (Commerciële Economie, Marketing, ICT Media Design, Communicatie of vergelijkbaar); Ervaring met Photoshop; Uitstekende beheersing van de Nederlandse taal; Interesse in SEO of de wil om dit te leren; Een winnaarsmentaliteit; Goede communicatieve vaardigheden; > 1-2 jaar stage- of werkervaring in de richting van online marketing/design/communicatie; Ervaring met WordPress is een pré; Je bent beschikbaar voor 40 uur. Wat bieden wij? Veel vrijheid en eigen initiatief; Ontwikkeling staat voorop; Een baan bij een jong, ambitieus en snelgroeiend bedrijf; Vergroten van het grootste shortleasebedrijf van Nederland; Afwisselend en uitdagend werk; Een plezierige werksfeer met leuke collega’s; Een meer dan marktconform salaris. Kortom: een afwisselende functie in een dynamische, informele werkomgeving met volop kansen! Je komt te werken bij een innoverende en sterk groeiende onderneming. De opzet is kleinschalig en de lijnen zijn kort. Wij bieden een afwisselende, dynamische en verantwoordelijke functie in een plezierige werkomgeving. Binnen de kaders van je functie krijg je voldoende verantwoordelijkheid en staat verdere ontwikkeling voorop. Wij hechten veel waarde aan een goede balans privé en werk. Wij onderscheiden ons van alle gevestigde leasemaatschappijen, doordat de klant het voertuig al na 2 maanden zonder enige verplichting mag retourneren. Ook hebben wij een laagdrempelig acceptatiebeleid, waardoor ZZP’ers en ondernemers de kans krijgen om bij ons te leasen. Met een voorraad van bijna 300 personenauto’s en bedrijfswagens helpen wij elke klant graag aan zijn mobiliteit. Heb je interesse? Wij nodigen je van harte uit te solliciteren. Solliciteer via de website of stuur je motivatie en CV naar: vacatures@dealerleasing.nl Acquisitie naar aanleiding van deze vacature wordt niet op prijs gesteld. Aan het vrijblijvend voorstellen van kandidaten zonder opdracht kunnen dan ook geen rechten en/of verplichtingen worden ontleend.",2021-03-16 16:57:51
2466e63d07912b8b,"Content Marketeer  Ben je altijd op zoek naar nieuwe creatieve en effectieve manieren om de doelgroep te bereiken? Om traffic naar leads te converteren? Ben jij een ervaren content marketeer die weet wat aanpakken is? Dan zoeken we jou!  De rol van Content Marketeer Het is aan jou om een doordachte content marketing strategie te bedenken voor onze producten Archicad en Solibri. In deze strategie bepaal je welk type content we op welk moment aan welke (potentiële) klant tonen. Hierbij werk je nauw samen met collega’s uit ons jonge en dynamische marketingteam, maar ook met de BIM productspecialisten en sales. Naast het neerzetten van een strategie op dit gebied, zit je boordevol nieuwe ideeën die je graag ten uitvoer brengt. Je schrijft bovendien zelf ook graag pakkende en wervende teksten voor o.a. het blog, landingspagina’s, whitepapers, mailings, marketing campagnes, als ook voor persberichten.  Over KUBUS Wij geloven dat ontwerpen en bouwen sneller, effectiever en met hogere kwaliteit kan. Met dat doel voor ogen ontwikkelen we geavanceerde software voor BIM (Building Information Modelling). Met BIM kunnen bouwpartijen effectiever (samen)werken. Alle informatie van een gebouw is geïntegreerd in één 3D-(data)model dat wordt gebruikt van ontwerp tot onderhoud. We zijn exclusief distributeur van de BIM-software Archicad en Solibri in de Benelux. Met onze eigen cloud-based issuemanagement software BIMcollab zijn we wereldwijd actief.  Jouw profiel Je hebt een opleiding op hbo- of wo-niveau. Je neemt relevante werkervaring mee, bij voorkeur in een vergelijkbare rol. Je bent van nature leergierig en hebt interesse in brede facetten van marketing. Je bent analytisch en weet zelfstandig tot op zekere hoogte data te ontcijferen en daarop te anticiperen. Je komt proactief met (creatieve) ideeën om het elke dag een beetje beter te doen. Je bent in staat om zowel op strategisch niveau mee te denken als ook de operationele taken uit te voeren. Schakelen tussen lange en korte termijn doelen gaat je daarin makkelijk af. Je werkt gestructureerd, maakt planningen en zorgt dat deadlines gehaald worden. Je hebt een uitstekende beheersing van de Nederlandse taal. Ervaring binnen een B2B omgeving is een pre.  Ons aanbod We bieden een uitdagende functie met veel afwisseling en doorgroeimogelijkheden. Daarnaast kun je rekenen op: Een passend salaris afhankelijk van kennis en ervaring. De salarisrange is voor deze vacature tussen de €3.000,- en €4.200,-. Bovengemiddeld goede secundaire arbeidsvoorwaarden. De ruime pensioenregeling en winstdeling, maar ook de werknemersparticipatie zorgen voor een grote betrokkenheid van de medewerkers bij het resultaat van KUBUS. Een plek in een gedreven team met ervaren professionals binnen een gerenommeerd bedrijf (marktleider op diverse fronten) met een uitstekende reputatie. Een persoonlijk ontwikkelingsbudget. Een stimulerende werkomgeving in het centrum van Eindhoven, op loopafstand van het Centraal Station. Eigentijdse extra’s zoals een verzorgde gezamenlijke lunch, altijd vers fruit en een pas gemoderniseerde energie-neutrale werkomgeving.  Omvang arbeidsovereenkomst: 36 tot 40 uur per week.  Contact Herken jij jezelf in bovenstaande? Solliciteer dan direct via het sollicitatieformulier!  Wil je meer weten? Kijk dan eens rustig rond op onze website www.kubusinfo.nl en www.bimcollab.com. Voor vragen kun je ook altijd bellen naar +31 (0)40 213 1950.  Acquisitie naar aanleiding van deze vacature wordt niet op prijs gesteld.",2021-03-16 16:57:54
83ba581b69511d75,"STERKADO levert personeels- en relatiegeschenken aan bedrijven van elke omvang. Vanuit ons hoofdkantoor in Woerden ontzorgen wij al 15 jaar bedrijven door heel Nederland voor het regelen van originele en persoonlijke geschenken voor hun medewerkers en relaties. Dit voor alle denkbare gelegenheden, zoals met kerst, als bedankje en bij verjaardagen. Wij zijn per direct op zoek naar een: ALLROUND ONLINE MARKETEER Ben jij een kei in het aantrekken van online bezoekers door de inzet van online campagnes en weet jij hen een optimale ervaring te bieden op de website? Dan zijn wij op zoek naar jou! Dit is jouw takenpakket: Bedenken, instellen en beheren van campagnes op het gebied van SEA (Google en Bing), display en social advertising, voornamelijk gericht op leadgeneratie Analyseren van campagneresultaten en webstatistieken en het toepassen van beschikbare data in alle activiteiten Inrichting, beheer, optimaliseren en A/B testen van de website en webshops met een focus op usability en conversieoptimalisatie Opzetten en uitvoeren van email marketing en marketing automation Behalve voor STERKADO zul je ook de online campagnes verzorgen en de website doorontwikkelen voor Flexkantoor BIJ JACOB in Woerden. Dit is het kantoor waar onze organisatie gevestigd is. Dit mag je van ons verwachten: Een veelzijdige en uitdagende functie binnen een commerciële en informele organisatie Mogelijkheid tot het volgen van gerichte cursussen en trainingen om jezelf te ontwikkelen Ruimte voor het testen van nieuwe methoden en technieken Goede secundaire arbeidsvoorwaarden, waaronder 25 vakantiedagen, een laptop (Apple), pensioenregeling en reiskostenvergoeding Salarisindicatie: € 2.500 – € 3.000 (bruto o.b.v. fulltime) Dit heb je nodig: Een afgeronde HBO opleiding in de richting van marketing, commerciële economie of communicatie Tenminste 3-5 jaar werkervaring in een soortgelijke functie Aantoonbare ervaring met het opzetten en beheren van SEA-, display- en social-campagnes Je kunt goed overweg met Google Tag Manager, Google Analytics, Google Search Console en WordPress Je bent analytisch, sociaal, leergierig, resultaatgericht en proactief Je beschikt over een commerciële instelling en haalt veel voldoening uit het verkrijgen van leads en bestellingen Heb je belangstelling? Kom jij de online marketing naar een hoger niveau brengen? Stuur je CV met motivatie naar edgarvanschie@sterkado.nl. Heb je nog vragen? Bel dan gerust met Edgar van Schie (Marketing Manager) op nummer 030-200 4506. De eerste twee gesprekken zullen per videocall gehouden worden. Een derde en mogelijk afrondend gesprek met de commercieel directeur vindt (onder voorbehoud) plaats op ons kantoor in Woerden. Acquisitie wordt niet op prijs gesteld.",2021-03-16 16:57:58
55d133a12cae0c8d,"Ben jij die enthousiaste teamplayer die veel affiniteit heeft met sport en trade marketing? Heb jij organisatietalent en krijg je energie van diversiteit in je werk? Ben je in staat om op enthousiaste wijze mee te helpen om met Auping de wereld uit te rusten en daarin onze dealers, maar ook je marketing collega’s te ondersteunen? Dan zijn wij op zoek naar jou voor de rol van Marketing Coördinator. Aan de slag als Marketing Coördinator, hoe ziet het team eruit? Het marketing team bestaat uit een manager Marketing & Communicatie, een trade marketeer, een brand stylist, een mediavormgever en drie brand managers. Je rapporteert in deze rol aan de Manager Marketing & Communicatie. In de functie van Marketing Coördinator ligt jouw focus met name op de operationele ondersteuning van de merkactivatie op het gebied van trade marketing ten behoeve van promoties en campagnes. Je stelt draaiboeken op, helpt met de ontwikkeling van lokale campagnes en draagt zorg voor communicatie van materialen naar onze dealers. Ook ben je het aanspreekpunt voor onze dealers en de lokale sportpartners als het gaat over activatie van het Auping hockeypartnership. Je werkt veel samen met onze trade marketeer en brand managers, maar ook met andere collega’s binnen onze organisatie. Je bent de spin in het web als het gaat om verzorgen van communicatiematerialen, houdt van organiseren en regelen en draagt eraan bij dat alles binnen het team op rolletjes loopt. Jouw belangrijkste verantwoordelijkheden? Als Marketing Coördinator hou je je dagelijks onder andere bezig met: Coördinatie van de communicatie(-materialen) naar de winkels en het opstellen van de draaiboeken voor promotionele campagnes; Doorvertaling verzorgen van NL campagnes voor Export; Organiseren en coördineren uitgifte van promotiemateriaal; Creatie en draaiboek maken voor trade events; Advisering over sportactivatiemogelijkheden aan de dealers en sportpartners; Zorg dragen voor actuele communicatiematerialen; Content verzorgen voor interne narrowcasting communicatie; Input verzorgen en coördineren t.b.v consumenten nieuwsbrieven. Wat zoeken wij? Dat je als Marketing Coördinator een echte spin in het Marketing-web bent en je hand niet omdraait bij organiseren, regelen, oppakken en vooruitdenken, dat hoeven we je natuurlijk niet te vertellen. Dit is wat wij denken dat je nodig hebt om deze rol tot een succes te maken: Je beschikt over een afgeronde mbo-opleiding (b.v. op het gebied van marketing of event management) en minimaal 4 jaar ervaring in een vergelijkbare rol; Je hebt aantoonbare werkervaring binnen het marketing en communicatie vakgebied en wil je binnen dit vakgebied verder ontwikkelen; Je bent gedreven om het beste uit jezelf en anderen te halen, je vindt het leuk om snel en kordaat te schakelen; Je hebt affiniteit met hockey; Je hebt een goede beheersing van de Nederlandse en Engelse taal in woord en geschrift. Beheersing van het Spaans is een pré. Daarnaast: Ben je een enthousiaste teamplayer die ook zelfstandig kan werken; Ben je gewend om samen te werken met verschillende interne en externe afdelingen en stakeholders; Kun je structuur aanbrengen en weet je prioriteiten te stellen; Loop je graag een stapje extra en heb je een “can do” mentaliteit; Heb je een klantgerichte denkwijze, waarbij je het mooie Auping merk nietuit het oog verliest; Voel je je thuis bij een B Corp waarbij verantwoord ondernemerschap in het DNA. We vragen veel, maar wat mag je van ons verwachten? Wij bieden je een zeer uitdagende functie binnen een oer – Hollands familiebedrijf met grote internationale ambitie en dynamiek waar ‘Het Nieuwe Werken’ is omarmd. Auping staat garant voor een open, energieke werkomgeving vol mogelijkheid voor groei. Jij maakt als werknemer van Auping het verschil. Die waardering krijg je terug in een goed salaris en uitstekende arbeidsvoorwaarden. Veel van deze voorwaarden zijn vastgelegd in onze cao. Een goed salaris comform cao Metalektro (min. € 2.731,42, max. € 3175,13 bruto per maand op basis van een 40-urige werkweek); 40 verlofdagen (27 vakantiedagen + 13 roostervrije dagen); Beoordelingstoeslag, reiskosten- en/of thuiswerkvergoeding; Een solide pensioenregeling van PME (Pensioenfonds Metalektro); Personeelsaankopen, medewerkers van Auping kunnen met korting producten aanschaffen voor eigen gebruik; Klik hier voor een volledig overzicht van onze arbeidsvoorwaarden. Heb je interesse? Word jij enthousiast van deze uitdagende functie en sluiten jouw ervaringen en competenties aan bij wat wij zoeken? Solliciteer dan via de 'Solliciteer' button met als uiterlijke sluitingsdatum vrijdag 12 maart a.s.",2021-03-16 16:58:01
7e7eb5fe686018b7,"Voor DTC Media Online ben ik opzoek naar een Project Manager die zowel klant als team kan begeleiden in wat er moet gebeuren, wanneer en waarom.  Als Project Manager Online Marketing weet jij precies wat de klanten nodig hebben, zelfs als ze er niet expliciet om vragen. Als aanspreekpunt van de klanten sta je regelmatig, vaak dagelijks met ze in contact, om de voortgang van een project af te stemmen. Jij draagt de verantwoordelijkheid voor het tot een goed einde brengen van een project, waarin deliverables en deadline zijn afgestemd met zowel klant als team. Vanuit deze samenwerking kun je politiek correct zijn, maar ook goed to the point komen wanneer dat nodig is. Je bent sterk in het maken van planningen, bewaken van budgetten en je houdt ervan om de verwachtingen van de klant samen met het team waar te maken, of liever nog te overtreffen.  Vanuit een jong team met gemotiveerde en betrokken collega’s werk je dagelijks aan de online transitie binnen de Automotive branche. Dit varieert van regionale auto- en dealerbedrijven tot importeurs van o.a. Renault, Kia, Ford, Citroën en DS. Zij willen alleen de meest getalenteerde experts aan boord, maar zijn ook op zoek en de perfecte match met DTC Media Online. Iemand die er niet voor terugdeinst om te leren, anderen uit te dagen en continue de lat hoger legt. Iemand die vooruit kijkt, stressbestendig is en op vrijdagmiddag met het team proost op een geslaagde week.  Om samen tot het beste resultaat te komen heb je een ijzersterk team nodig, daarom vragen wij van jou:  Minstens 2 jaar ervaring in zowel projectmanagement als digital marketing; Een Hbo/ Wo niveau in denken en werken; Bij voorkeur ervaring aan de bureauzijde of een auto-/ dealerbedrijf of importeur; Algemene kennis van SEA, Display, Social Media, SEO en CRO; Een goede beheersing van de Nederlandse taal in woord en geschrift; In één oogwenk te kunnen schakelen van serious naar play.   Arbeidsvoorwaarden  DTC Media Online De Automotive marketing specialist van Nederland! Onze enthousiaste, ervaren en gedreven specialisten weten onze klanten zoals Opel, Kia en Van Mossel elke dag online op de kaart te zetten. Dit doen ze vanuit strategie naar operationele marketing vraagstukken (zoals online advertising campagnes, web analytics, SEO-trajecten, e-mailmarketing, social advertising, conceptontwikkeling en landing pages). Daarnaast exploiteren zij meerdere Automotive modules, zoals de online taxatie module, de online verkoopmodule, de private lease module, de voorraadmodule en een werkplaatsmodule. Door de sterke eigen visie op de Automotive, data dashboarding en marketing automation zijn ze helemaal klaar voor de toekomst!  DTC Media Online biedt: Een goed salaris met moderne secundaire arbeidsvoorwaarden; Flexibele werktijden en de mogelijkheid om thuis te werken De mogelijkheid om 4 dagen per week te werken; Opleidings- en ontwikkelmogelijkheden; Een fijn en ruim kantoor (zithoekjes, stilteplekken, en zelfs een indoor gym); Wekelijks één uur Personal Training met je collega’s; Een team met veel ervaren collega’s om van te leren; Laptop van de zaak; Lekker en gezond eten; Een open en nuchtere cultuur.",2021-03-16 16:58:04
503f2a9426b10822,"Ben jij een aanstormend talent op gebied marketing en sta jij in de startblokken om een bijdrage te leveren aan de ambitieuze plannen van een gerenommeerde internationale onderneming? Voor Spanninga zijn wij op zoek naar een enthousiaste en resultaatgerichte Junior Marketing Specialist. Als Junior Marketing Specialist maak je op het hoofdkantoor in Joure deel uit van een gedreven marketing team. Je ondersteunt de Productmanager en werkt nauw samen met collega’s van de afdelingen Marketing, Sales en Research and Development. Je volgt de ontwikkelingen op de internationale markt op de voet zodat deze kunnen worden vertaald naar een productassortiment dat perfect aansluit bij de wensen en behoeften van de klant in binnen- en buitenland. Wat ga je doen? uitvoeren van marktonderzoek en analyseren van de onderzoeksresultaten ondersteunen van de Productmanager bij het bepalen van strategieën omtrent productontwikkeling en product marketing de collega’s van de afdelingen Sales en Marketing voorzien van gedetailleerde productinformatie bewaken van deadlines bij de lancering van nieuwe producten toetsen van de geïmplementeerde marketing- en product strategieën op efficiëntie bezoeken van beurzen en seminars in binnen- en buitenland Over het bedrijf Over Spanninga Spanninga is opgericht in 1918 en uitgegroeid tot een wereldwijd toonaangevende producent van exclusieve en innovatieve high-end oplossingen voor micromobiliteit. Het speerpunt ligt hierbij met name op fietsverlichting. Het familiebedrijf met 200 medewerkers heeft vestigingen in Nederland, Frankrijk en Azië. De productie vindt plaats in eigen fabrieken in Nederland, Frankrijk en China. Spanninga is een voorloper op het gebied van fietsveiligheid en de naam Spanninga staat voor innovatie. Op deze manier hebben zij al meer dan honderd jaar het vertrouwen en de erkenning van hun klanten weten te behouden. “Keep ahead of light” was, is en zal altijd de filosofie zijn. Dit is gebaseerd op constant onderzoek naar nieuwe technologieën, optieken, elektronica en gebruikersinzichten. Wat wij bieden Wat bieden wij jou? Je stapt binnen bij in een familiebedrijf met een collegiale, open en informele sfeer. Een internationale en inspirerende werkomgeving met volop kansen om jezelf verder te ontwikkelen. Grijp jij deze kans met beide handen aan? Dan treed je direct in dienst bij Spanninga op basis van een jaarcontract. Het betreft functie voor 38 uur per week, maar een 32 uur is bespreekbaar. Je salaris zal worden vastgesteld op basis van jouw kennis en ervaring. Salarisrichtlijn € 2400,00 - € 3000,00 per maand. Solliciteren Abiant verzorgt voor Spanninga de werving en selectie voor de functie van Junior Marketing Specialist en jij zult direct in dienst treden bij Spanninga. Heb je nog vragen, aarzel dan niet om contact op te nemen met Annet Fruitema, Adviseur Werving en selectie bij Abiant. Annet is bereikbaar op telefoonnummer 050 206 00 91.  Voldoe jij aan de geschetste verwachtingen en pas jij bij de gedreven cultuur van Spanninga? Wij zijn benieuwd wie jij bent, waar jij voor gaat, maar ook wat jouw ambities zijn. We kijken uit naar je verhaal en ontvangen je sollicitatie graag voor 28 februari 2021.  Wat verwachten wij van jou? een afgeronde opleiding op hbo-niveau richting Marketing Management of vergelijkbaar minimaal 1 jaar relevante stage- of werkervaring in marketing en sales gedegen kennis van (digitale) marketing en marktonderzoek uitstekende beheersing van de Nederlandse en Engelse taal in woord en geschrift sterk analytisch en probleemoplossend karakter Daarnaast ben je ambitieus, beschik je over een sterke commerciële drive en heb je een scherp oog voor kansen in markt. Je werkt gestructureerd, weet prioriteiten te stellen en schakelt makkelijk tussen verschillende taken en verantwoordelijkheden. Je weet jezelf goed te presenteren en communiceert zowel mondeling als schriftelijk met gemak in het Engels.",2021-03-16 16:58:08
0ad2ab3bd5437c79,"Ben jij toe aan een nieuwe uitdaging als marketing & communications manager? Kom dan ons marketing team versterken! Als marketing & communications manager bij MolGen in Veenendaal krijg je de mogelijkheid om jezelf te blijven ontwikkelen. Jij komt te werken in een ambitieuze, informele en dynamische organisatie. En uiteraard krijg je hiervoor een uitstekend salaris (tussen de € 4.000 en € 5.000). Benieuwd naar deze functie? Lees dan snel verder..  Wat ga je doen als marketing & communications manager? Als marketing & communications manager bij MolGen in Veenendaal ben jij verantwoordelijk voor het aansturen van het marketing team bestaande uit drie collega’s. Met jouw ruime ervaring als marketing & communications manager til jij met jouw team marketing binnen de Life Sciences naar de next level! Denk hierbij aan bijvoorbeeld creatieve projecten zoals toegepaste websites, een e-learning platform creëren, het bouwen van apps en product launches. Jij bent goed in de Nederlandse en Engelse taal in woord en geschrift. Waarom wij dit van jou vragen? Binnen MolGen zijn wij zowel nationaal als internationaal actief. Wat ga jij doen...?  Je denkt mee op strategisch niveau hoe wij MolGen willen presenteren en weet dit te vertalen in een marketingplan Je hebt minimaal één keer per dag individueel contact met je teamleden en twee keer in de week bespreken jullie gezamenlijk lopende projecten Je vertaalt een creatieve brainstormsessie naar een concept Je weet te prioriteren tussen de diverse stakeholders waar je mee samenwerkt Je brengt structuur aan in de marketingprocessen  Over MolGen MolGen is een jong, dynamisch en snelgroeiend bedrijf, wat actief is op het gebied van Life Sciences met als specialisatie de technologie om DNA / RNA uit diverse materialen te zuiveren. Ook verkoopt MolGen innovatieve en totaaloplossingen aan klanten. Daarnaast ontwikkelt MolGen continu nieuwe producten en services om aan de steeds veranderende vraag van klanten te kunnen voldoen. Op dit moment is MolGen onder andere zeer actief op het gebied van de verkoop van extractiechemie en apparatuur om SARS-CoV-2 uit diverse materialen te extraheren.  Werken bij MolGen Wat betekent MolGen voor jou als werkgever? Binnen MolGen kom jij te werken in een enthousiast, gedreven en hartelijk team. Samen gaan jullie voor het beste resultaat! Uiteraard kom je hier pas als de werksfeer ook prettig is en als jullie als medewerkers goed op je plek zitten. Dat is binnen MolGen daarom ook erg belangrijk. Binnen de organisatie heerst een informele werksfeer. Dit uit zich in een platte organisatiestructuur met korte lijnen.  Samen ontwikkelen en verder groeien, ook dat staat centraal binnen MolGen. Want het is een ambitieuze, dynamische en snelgroeiende organisatie. Een organisatie die volop in ontwikkeling is. En daarom ontwikkelen jij en jouw collega's ook mee! Dus heb jij ambitie om verder te groeien? Dan is hier zeker ruimte voor binnen MolGen, want persoonlijke ontwikkeling is enorm belangrijk binnen deze organisatie.  Jouw kracht als marketing & communications manager bij MolGen in Veenendaal: Je hebt een afgeronde hbo opleiding (richting Marketing en/of Communicatie) Je hebt ruime ervaring in soort gelijke functies (denk bijvoorbeeld aan een rol als senior marketeer) Je houdt ervan om samen te werken en te verbinden met collega's (dit alles op het gebied van innovatie en sales) Je bent fulltime beschikbaar (40 uur per week) Je hebt ervaring in de Life Sciences (niet verplicht, wel een voordeel)   Arbeidsvoorwaarden  Jouw keuze als senior marketeer bij MolGen in Veenendaal: Je kiest voor een veelzijdige, fulltime baan met een marktconform salaris (tussen de € 4.000 en € 5.000 afhankelijk van je ervaring) Je kiest voor werken in een informele, dynamische en groeiende organisatie met een internationaal netwerk én waar creatief zeer op prijs wordt gesteld Je kiest voor de mogelijkheid om gedeeltelijk vanuit huis te werken Je kiest voor werken in een team met gedreven, enthousiaste en hartelijke collega's waar jullie oog hebben voor elkaar Je kiest voor de mogelijkheid om jezelf verder te ontwikkelen in jouw functie als senior marketeer En dat is nog niet alles! Ook krijg jij een jaarcontract, maar bevalt de samenwerking goed? Dan zetten we deze uiteraard om in een vast contract. Wij gaan voor een langdurige samenwerking waarin we samen verder groeien en ontwikkelen.",2021-03-16 16:58:12
726c814b121769fb,"Gaat jouw hart sneller kloppen bij het bedenken van marketingcampagnes? Ben jij creatief en commercieel? Oftewel ben jij een marketeer in hart en nieren? Lees dan verder! Wat ga je doen? Je wordt onderdeel van het marketingteam welke bestaat uit marketing communicatie specialisten, een customer experience specialist, propositiemanagers en een content marketeer. Als marketeer in dit team ben je verantwoordelijk voor het bedenken, uitvoeren en bijsturen van campagnes en acties. Dit is zowel B2C als B2B. Door jouw kennis over marketing weet jij verschillende markten en doelgroepen te bereiken. Werkzaamheden: Je maakt analyses van de markt en weet behoeftes inzichtelijk te maken. Je zet jouw analyses om naar campagnes en acties en presenteert deze. Je monitort de lopende campagnes en stuurt bij waar nodig. Je stippelt strategie uit en bent in staat jaardoelen te bepalen en te realiseren. Je zal deelnemen in multidisciplinaire projecten. De organisatie Onze opdrachtgever, The Learning Network (voorheen Van Dijk’s Boekhuis) ontzorgt het onderwijs en streeft naar een leven lang leren leuker en beter maken, met succes! The Learning Network staat op plaats 7 in de Twinkle100, de lijst van de grootste online retailers in Nederland. De organisatie telt ruim 350 betrokken medewerkers verspreid over locaties in Kampen, Emmen, Amsterdam en België. Of in 1 van de 5 winkels in de grote studentensteden. The Learning Network richt zich steeds meer op de distributie van digitale leermiddelen. Het is een bewegelijke, innovatieve organisatie met veel dynamiek. Met een stabiele basis, waar met passie en energie gewerkt wordt aan de oplossingen van morgen. Dit mag jij van de organisatie verwachten! Een uitdagende en brede functie. Goede primaire en flexibele secundaire arbeidsvoorwaarden. Een mobiele telefoon en laptop. Onbeperkt toegang tot e-learning mogelijkheden. Een goed onboardingprogramma waardoor jij de producten en diensten goed leert kennen. Dit mag de organisatie van jou verwachten! Je hebt een HBO of WO opleiding met een marketingspecialisatie. Je hebt minimaal 3 jaar ervaring met het zelfstandig opzetten van marketingcampagnes. Je bent resultaatgericht, hebt overtuigingskracht en bent zelf startend. Je kunt goed werken onder tijdsdruk. Je bent creatief en analytisch sterk. Ervaring of affiniteit met het onderwijs is een pré.",2021-03-16 16:58:15
7629897afc23fcff,"Acquisitie naar aanleiding van deze vacature wordt niet op prijs gesteld. Bij de Fiberplast Group geloven we in een circulaire wereld en willen hieraan een concrete bijdrage leveren. Help jij als Marketing medewerker mee om onze prospects en klanten te bereiken met relevante content over onze biobased en circulaire producten en oplossingen? . Hoe? Jouw focus ligt vooral op het creëren van content en naamsbekendheid. . Waarom? Het doel is relevante content en meer laten zien wat wij als organisatie kunnen betekenen m.b.t. de circulaire wereld. . Waar? Drachten is je thuisbasis, maar onze klanten zitten door de hele Benelux. . Met wie? Samen met een klein team waarin veel ruimte is voor eigen initiatief, ben je medeverantwoordelijk voor de marketingactiviteiten. . Wat je doet? Werk mee aan nieuwe mogelijkheden. Fiberplast Group, met vestigingen in Drachten en Antwerpen, is een “groene” organisatie gespecialiseerd in duurzame (bouw)materialen. Het assortiment, uitsluitend geproduceerd uit biobased- en gerecyclede grondstoffen, voldoet aan de allerhoogste kwaliteitscriteria en milieueisen. Onze focus ligt op de B2B markt, waarbij de architect, de professionele bouwmaterialen-groothandel en de aannemer onze belangrijkste doelgroepen zijn. Wij adviseren en begeleiden de klant vanaf de tekentafel tot en met de oplevering en, indien nodig, daarna. Wij zoeken een Marketing medewerker die energie krijgt van het creëren van leuke content en een hoge naamsbekendheid, voornamelijk online. Ben jij deze kandidaat? . Hoe ziet jouw uitdaging eruit? Als Marketing medewerker ga jij je o.a. focussen op het creëren van content en branding. Door de klanten in kaart te brengen en te onderzoeken wie de doelgroep is, weet je precies wat er speelt en hoe jij ze kan bereiken. Verder ga jij je o.a. bezighouden met: Het schrijven van teksten vanuit de klantbehoefte. Denk aan e-mailcampagnes, advertisingcampagnes, nieuwsberichten, blogs en brochures. Het opzetten van doelgerichte marketingcampagnes waarmee je zorgt voor een hogere naamsbekendheid en leadgeneratie. Monitoren en analyseren van het succes van marketingcampagnes Signaleren en analyseren van trends & ontwikkelingen en deze vertalen naar kansen. Inzetten van Social media (LinkedIn, Instagram, YouTube). Content voor alle productgroepen beheren op platformen waarbij we zijn aangesloten. Meedenken over de optimalisatie en bewaking van de huisstijl. DTP: opmaken van databladen en verwerkingsvoorschriften en bij voorkeur ook drukwerk en direct mailingen. Wat vragen wij van jou? Minimaal twee tot drie jaar aantoonbare werkervaring Ervaring met LinkedIn, Instagram, YouTube Ervaring met Google Analytics Gevoel voor grafisch ontwerpen, kennis en ervaring met Indesign is dan ook een must Doorzettingsvermogen, proactief, teamspirit en een gezonde dosis creativiteit Ervaring met video- en fotobewerking is een pré Wat bieden wij jou? Een marktconform salaris Contract voor onbepaalde tijd Een dynamische functie met veel ruimte voor eigen initiatief en ontwikkelingsmogelijkheden Inspirerende werkomgeving binnen een open en informele bedrijfscultuur Wat als ik deze baan graag wil? We willen je uitnodigen om je motivatiebrief en CV te sturen naar walter@fiberplast.nl o.v.v. sollicitatie Marketing. Heb je vragen omtrent deze vacature dan kun je Walter Wieten bereiken via 0512-544503 of via info@fiberplast.nl.",2021-03-16 16:58:18
795074257c3da315,"Bedrijfsprofiel  XL Con Gusto is op zoek naar;  Een SEO specialist  Wil jij mee op missie om de beste groeimethoden te ontwikkelen voor ambitieuze bedrijven die harder willen groeien? Wil jij aan de slag voor het online marketing bureau voor scale-ups?  Deze baan als SEO specialist past bij jou omdat jij ervan overtuigd bent dat proactieve communicatie en optimalisatie de sleutel is tot succes van een klant. Met behulp van jouw expertise en inzicht, verhoog je de omzet en leads van een klant.  Vacature informatie  Heb jij een passie voor SEO en content? Dan bieden wij je de kans om met ons mee te bouwen.  Als SEO specialist ga je strategische schakelen met klant en team. De juiste acties formuleren en ga je grensverleggende resultaten boeken.  Met een top 10 positie in de Emerce100, een toppositie in de Fonk50 en meerdere nominaties voor de Dutch Search Awards, wordt de dienstverlening erkent in de branche en behoort de opdrachtgever tot de betere bureaus van Nederland. Een ondernemende bedrijfscultuur, waarbij ze elke dag een beetje beter willen worden. Stimuleren op pro activiteit, ondernemerschap en oplossingsgerichtheid. Hierdoor ontstaat ontwikkeling en groei.  Je krijgt als SEO specialist een goed salaris, reiskostenvergoeding, laptop en de optie om 3 maanden per jaar op Bali (ja, je leest het goed!) te werken.  Je komt in een ondernemende bedrijfscultuur met zelfsturende teams. En krijgt daarbij veel vrijheid en verantwoordelijkheden. Ben jij de Senior SEO specialist die wij zoeken, reageer dan snel!  Werkzaamheden  Verbeteren in code analyseren Grensverleggende resultaten boeken Uit bergen data de juiste acties formuleren Strategisch schakelen met klanten Continu op de hoogte zijn van de laatste trends Het team scherp houden Wij zoeken  HBO/WO werk- en denkniveau Minimaal 2 jaar ervaring met online marketing Aantoonbare capaciteiten met SEO / online marketing Zelfs voor die-hard technische vragen draai jij je hand niet om Uitstekende projectmanagement vaardigheden Je kan een goede relatie opbouwen met je klant De ambitie en drive om te blijven ontwikkelen De overweging maken tussen kosten en baten voor de klant Wij bieden  Een goed salaris Ruimte om jezelf te ontwikkelen Werken aan award winning cases Een fijne werksfeer met veel vrijheid Drie maanden per jaar werken wij op Bali (ja, je leest het goed) Een uitdagende functie in een snelgroeiend bedrijf Non hiërarchische bedrijfscultuur Flexibele werktijden Ruimte voor ontspanning Solliciteer direct  Ben je geïnteresseerd in deze vacature? Klik op de knop 'Solliciteer direct' en solliciteer online. Wij nemen daarna snel contact met je op! Heb je vragen over deze vacature bel dan naar +31307440501 en vraag naar Madelon Thuijs.",2021-03-16 16:58:22
dc2179de20657ec4,"Voor een innovatieve organisatie in Amsterdam is StudiJob per direct op zoek naar een student die aan de slag wil als Redacteur/Content creator (20u per week). Wat ga je doen? Je studeert aan de Hogeschool van Amsterdam, Universiteit van Amsterdam of Vrije Universiteit. Je ziet mogelijkheden en kansen om IXA en de labels Amsterdam Venture Studios/ Demonstrator Lab/ Amsterdam Science & Innovation Award, haar dienstverlening, activiteiten en resultaten onder de aandacht te brengen van in- en externe partijen. Je gaat aan de slag met het creëren van content (zowel tekst als beeld/video) voor de verschillende communicatiekanalen: websites, persberichten, evenementenagenda’s, nieuwsbrieven, social media ed. Je bedenkt creatieve en aansprekende uitingen in tekst en beeld, die je vervolgens zelf gaat uitwerken, bijvoorbeeld in filmpjes, voxpop’s, social media poll’s of korte artikelen. Je helpt mee met het uitvoeren van de communicatiestrategie. Doelgroepen zijn medewerkers, studenten en externe stakeholders. Je denkt mee hoe wij hen het beste kunnen bereiken met de door jou gemaakte content. Het zelf er op uit gaan voor het maken van content vind je een leuke uitdaging. Kortom, je hebt het talent om conceptmatig creatieve ideeën te bedenken en die zelf te produceren, zowel in tekst als in beeld en je vindt het leuk om out of the box te denken en te creeeren. Wie ben jij? We zoeken iemand die hands on kennis en ervaring heeft met communicatie en media: content maken voor social media, video editing software, webredactie en het schrijven van wervende teksten. Je bent in staat om nieuws, cases, projecten ed. te vertalen naar aansprekende content. Een vlotte pen is essentieel. Je hebt een creatieve geest en helpt ons met het vinden van een eigen manier van communiceren, rekening houdend met onze uiteenlopende doelgroepen. Je kunt goed samenwerken in een team maar ook gemotiveerd en zelfstandig werken gaat je goed af. Je bent proactief en niet mensenschuw; je benadert mensen zonder schroom. Wat krijg je? Een aanstelling voor 20 uur per week, je kunt deze uren zelf (in overleg) verspreiden over de week Veel ruimte voor eigen initiatief en inbreng; Feedback van ervaren collega’s en meedraaien in professionele op innovatie gerichte organisatie; Een bruto maandsalaris van €1.026,- bij 20u per week; Een tijdelijke aanstelling voor een half jaar. Zijn wij enthousiast over jouw functioneren, én heb jij het naar je zin, dan gaan we in gesprek over een verlenging. Waar kom je te werken? Je maakt onderdeel uit van de op te richten IXA Content Studio die door het MarCom team van IXA wordt aangestuurd. Je eerste aanspreekpunt namens IXA is Marloes van Leersum. Je werkt intensief samen met de PR manager, communicatieadviseur en event manager van IXA en haar labels. IXA heeft meerdere locaties in de stad, je werkplek zal in overleg bepaald worden. Alle locaties zijn goed te bereiken met openbaar vervoer. Zolang als de maatregelen rond Covid-19 van kracht zijn vind het grootste deel van de werkzaamheden vanuit huis plaats en vinden overleggen via MS-Teams plaats. Interesse? Is je interesse gewekt, dan zien we je reactie graag tegemoet (door te solliciteren via de site). Twijfel je nog? Neem dan vooral contact met Dorrit op via onderstaande gegevens om een afspraak te plannen voor een oriënterend gesprek en een kop koffie. Dan nemen we alles rustig door!",2021-03-16 16:58:26