id,description,scrapetimesdescription
8e736456fdbb9015,"Onze klant is een toonaangevende leverancier van softwareoplossingen met honderdduizenden gebruikers en drie vestigingen in Nederland en België. Voor de verdere groei en uitbreiding in Belgie zijn we daarom op zoek naar een Vlaamse collega die samen met de Nederlandse collega’s en team België de softwareproducten verder op de Belgische kaart zal zetten.  Functieomschrijving  Deze rol van marketeer is op het lijf geschreven van een marketing specialist of commerciële doorzetter die ons gaat helpen verder door te groeien in de Belgische markt.  De rol bestaat uit twee onderdelen:  1. Leadgeneratie   Om meer leads te genereren is het als marketeer belangrijk de volgende activiteiten tot uitvoer te brengen: Het uitbreiden en onderhouden van de website; alle SEO / SEA werkzaamheden horen daarbij. Ook maak je gebruik van google analytics en Hotjar om slimme analyses te maken. Het bedenken en uitwerken van marketingcampagnes voor de Belgische markt. Het organiseren en deelnemen aan beurzen en evenementen in de Belgische markt. Het toepassen van social listening en input geven aan de Content Marketeer en Online Marketeer voor uitingen op Social Media en de website. Social Selling middels Linkedin Navigator toepassen voor de Belgische markt.  2. Opvolgen van leads   De leads die mede dankzij jouw inzet gegenereerd worden willen we omzetten naar warme afspraken. Hierbij horen de volgende activiteiten: Het telefonisch opvolgen van alle binnenkomende marketing leads en deze converteren naar kwalitatieve afspraken volgens het CHAMP-model (CHallenges, Authority, Money and Prioritization). Zorgdragen voor een goede overdracht van de afspraak richting het Belgische verkoopteam.  Profiel  Je hebt een bachelor-opleiding, bij voorkeur in commerciële of marketing richting. Daarnaast heb je ondertussen meer dan 3 jaar ervaring in een soortgelijke functie binnen de Business-2-Business markt.Het is een grote pré als je ook kennis en ervaring hebt met de softwarebranche. Daarnaast ben je resultaatgericht, je wilt altijd gestelde doelen behalen en resultaten boeken. Om dit te realiseren vind je het leuk om marketingacties te bedenken, uit te zetten en heb je een natuurlijke interesse in alles wat met marketing te maken heeft. Daarnaast ben je niet bang om verantwoordelijkheid te pakken en voel jij je thuis in een informeel en ambitieus team.  Aanbod  Leuk en uitdagend werk in een actieve werkomgeving, waarin geen dag hetzelfde is. De kernwoorden openheid, gedrevenheid, servicegericht en plezier kenmerken onze bedrijfscultuur .Als een hecht team bundelen we onze ideeën en werken we nauw samen aan vernieuwende oplossingen. We willen toonaangevend zijn in de markt en een onderscheidende oplossing leveren aan onze klanten.  Dienstverband: Voltijds Salaris: €2.500 tot €4.000 /maand",2021-03-16 16:04:13
a3299b5be3320b5d,"Ben jij een gedreven, commerciële en pro-actieve data-lover met een hart voor de dynamische wereld van de mobiele telefonie, alles-in-1 en energie? Dan zoeken we jou! Telecombinatie groeit! Daarom zijn wij voor ons kantoor in Hoofddorp per direct op zoek naar een gedreven Campagne Marketeer (40 uur) De nieuwe Campagne Marketeer is een ambassadeur van onze 'digital first' strategie; de new way of working die onze online focus een boost moet geven. En daar speel jij een sleuteltrol in, aangezien jij voortdurend campagnes analyseert, aanscherpt, verfijnt en aanstuurt met als doel ons online bereik én conversie te vergroten. Je bent daarom kritisch, proactief én constructief en weet als geen ander dat je alleen zo werkelijk alles uit een campagne haalt. Google Ads, Facebook insights, Instagram, Active Campaign… kennen geen geheimen voor jou. Verder ben je ervaren in marketing automation en weet dit niet alleen toe te passen met tools, maar ook in (werk)processen. Jij trekt learnings uit de data die je vergaart en weet deze om te zetten in strategische meesterzetten die Telecombinatie, en haar zusterondernemingen, nog beter op de kaart zal zetten. Als Campagne Marketeer maak je onderdeel uit van het (momenteel nog) vijfkoppige marketingteam. Je werkzaamheden bevinden zich op het snijvlak van marketing, data en IT. Jij beheert de database, maakt rapportages, analyseert en adviseert. Jouw advies is leidend bij het opstarten van nieuwe campagnes en het optimaliseren van bestaande. Je werkzaamheden Je bent samen met IT/data verantwoordelijk voor het maken en analyseren van dashboards, rapportages en de marketingcampagnes. Op basis van je analyses van de online marketingcampagnes geef je advies voor de toekomstige campagnes. Je draagt zorg voor een goede coördinatie van de werkzaamheden intern als met de externe bureaus. Met een 'digital first' gedachte zorg je voor een optimale marketingmix waarbij je onder andere gericht bent op conversies. Wat verwachten we van jou? HBO/WO werk- en denkniveau. Minimaal 3 jaar werkervaring in vergelijkbare functies. Ervaring met SQL, Power BI, Google Ads, Facebook insights Je bent resultaatgericht en efficiënt. Je bent zorgvuldig en nauwkeurig. Wij bieden: Een baan bij een succesvol, groeiend bedrijf met een jong team waarin veel ruimte is voor je eigen ontwikkeling. Een creatieve uitdaging met veel ruimte om jouw eigen functie vorm te geven en je hierin verder te ontwikkelen. Een marktconform salaris. Een prettige (flex)plek in een mooi nieuw kantoor. Dagelijkse lunch en gezellige vrijdagmiddag-borrels in ons eigen “kantoorcafé” Café de Vlieger Wie zijn wij? Telecombinatie is een onafhankelijke aanbieder van mobiele telefonie, internet, vaste telefonie, tv, energie, toestelverzekeringen, smarthome, repair, hardware en accessoires. Bij Telecombinatie zijn meer dan 500 zelfstandig ondernemers aangesloten die actief zijn met één of meerdere Telecombinatie winkels in Retail, Etail of op de zakelijke markt. Op ons hoofdkantoor in Hoofddorp ben je met ruim 50 collega’s iedere dag vol energie en enthousiasme bezig om deze ondernemers te ondersteunen. Wij zijn een kleine dynamische organisatie waar de lijnen kort zijn. Telecombinatie is continu bezig om zichzelf te ontwikkelen in een sterk veranderende markt. Geen dag is daardoor hetzelfde! De werksfeer is ondernemend, informeel, energiek en ambitieus. Ondernemende en proactieve collega’s die houden van een uitdaging zijn dan ook meer dan welkom! Omdat wij beperkte parkeermogelijkheden hebben, is het wenselijk als je met het OV of de fiets kan reizen. Ons kantoor ligt op loopafstand (200 meter) van het treinstation van Hoofddorp. Enthousiast? Dan willen wij graag meer van je weten! Stuur je CV met een korte motivatiebrief o.v.v. Portfolio -en datacoördinator naar Monique Pijnenburg (HR Officer): personeelszaken@oneplatforms.nl Acquisitie naar aanleiding van deze vacature wordt niet op prijs gesteld",2021-03-16 16:04:17
857f8cffb6b0391d,"Om de ontwikkeling en groei van Koffievoordeel.nl, een label van e-commerce organisatie e-Luscious, verder te versnellen zoeken wij een:  Email Marketeer Coffee  Als Email Marketeer Coffee ben je verantwoordelijk voor de opzet, uitvoer en evaluatie van de e- mailmarketing campagnes. Je bent een belangrijk onderdeel van een enthousiast, dynamisch en winnend team met als basis Hilversum.    OVER E-LUSCIOUS e-Luscious, Top 35 Twinkle genoteerd en in 2020 bekroond met het World-class Workplace keurmerk, is een snelgroeiende e-commerce organisatie in de wijn- en koffiebranche. Met succesvolle labels zoals Koffievoordeel.nl, Wijnvoordeel.nl, Wijnbeurs.nl en Colaris.nl, is e-Luscious de pureplay marktleider in de Benelux.  Door de klanten centraal te stellen en dagelijks nóg beter, meer persoonlijk en efficiënter in te spelen op hun behoeften, bevinden de labels zich in een continue stroomversnelling van groei.  DE FUNCTIE De rode draad van onze propositie met de koffielabels is dat we de beste koffie op een betaalbare en gemakkelijke manier voor iedereen toegankelijk te maken. Niet alleen in Nederland maar ook in België, Frankrijk en Duitsland met als lange termijn doel: levenslange klantloyaliteit.  In de rol van Email Marketeer ben je verantwoordelijk voor de opzet, uitvoer en evaluatie van de e- mailmarketing campagnes. Je optimaliseert het huidige proces en bent in staat kansen te herkennen en nieuwe, creatieve campagnes op te zetten.  Je ontwikkelt customer journeys en zorgt ervoor dat elke stap in de funnel resultaatgericht is. Met jouw commerciële mindset kun je resultaten nauwkeurig analyseren passende stappen ondernemen. Je werkt planmatig, bent resultaatgericht en hebt de flexibiliteit te improviseren.  Samen met het Marketing Team bestaande uit Content Marketeers, Vertalers, Online Marketeers, en je directe Email Marketeer collega’s zet je de campagnes op en voert deze uit. Daarnaast werk je samen met de afdeling Database Marketing, Design en onze Klantenservice.  DE VERANTWOORDELIJKHEDEN Het creëren en executeren van de commerciële, op klant gesegmenteerde e-mailkalender Het continue optimaliseren van campagnes door o.a. A/B- en dynamische ‘subject line’ tests Het automatiseren en personaliseren van de belangrijkste campagnes Het optimaliseren van het e-mailmarketingproces; van briefing tot verzending om het time- to-market proces zo efficiënt mogelijk in te richten zodat er op grote schaal gepersonaliseerd kan worden.  WAT BRENG JIJ MEE? Minimaal twee jaar relevante werkervaring als Email Marketeer Hands-on ervaring met campagne management Een analytische, flexibele geest en commerciële focus Een communicatieve team players mentaliteit Een gestructureerde, praktische werkinstelling Vacature  Een goede beheersing van de Nederlandse en Engelse taal in woord en geschrift Kennis en ervaring met mailingsoftware Copernica WAT BIEDEN WIJ JOU? Een uitdagende functie met veel ruimte voor eigen initiatief in een hard groeiend bedrijf Een creatieve, positieve en dynamische werksfeer in een resultaatgericht, no-nonsense team Een competitief salaris bij een World-class Workplace Ruimte om jezelf verder te ontwikkelen binnen je eigen vakgebied Korting op alle artikelen die wij verkopen binnen e-Luscious INTERESSE? Kom jij ons team versterken en vernieuwende en creatieve emailcampagnes bedenken en uitrollen? Dan komen we graag met jou in contact via: recruitment@eluscious.com t.a.v. Jesca Akkerman.  HOE ZIT DE PROCEDURE ER UIT? Wanneer jouw verwachtingen en onze wensen op elkaar aansluiten nodigen we je graag uit voor een eerste (video) kennismaking. Zijn we na dit gesprek beide enthousiast dan plannen we 2 uitgebreide gesprekken met je in. Na deze gesprekken volgt er zo snel mogelijk een terugkoppeling en een eventueel aanbod. App of bel gerust wanneer je vragen hebt (06-82978322). Wie weet drinken wij binnenkort een (virtuele) kop koffie!",2021-03-16 16:04:20
a3121c525c035a75,"Digitalic groeit en dat willen we blijven doen. We zijn trots op wat we bereiken en willen heel graag doorgroeien. We krijgen steeds meer projecten en om onze beloften waar te kunnen maken zoeken we jou. Ben jij full-funnel marketeer, online marketeer, growth hacker, performance marketeer of digital marketeer? Wil je echt het verschil maken voor klanten dankzij onze unieke aanpak? Hou je van slimme strategieën en denk je lange termijn? Dan zoeken we jou! In het kort Je helpt onze klanten datagedreven online resultaat te boeken Je bent een generalist en hebt minstens één specialisatie binnen online marketing Je werkt flexibel thuis of bij ons op kantoor Wij hebben de meest inspirerende locatie in de omgeving Digitalic groeit, jij groeit mee Wat is Digitalic? Digitalic is een online marketingbureau met maar één doel: Bullshitvrije marketing. We helpen klanten aan inzicht uit hun data maar ook met slimme online marketing. Zo zetten we samen met hen enorme stappen in hun online marketing. Wie die klanten zijn? Die zijn er van groot tot klein: vtwonen, ABNAMRO, natuurfotografie.nl, Pixfactory, teken je boodschap, PGGM, etc. In wat voor cultuur kom je terecht? Je herkent ons aan de mensen die we zijn. Persoonlijk en eerlijk. Oprecht en ontwapenend. Maken fouten en geven deze toe. We proberen in onze oplossingen en denkrichtingen innovatief te zijn. Als team helpen we elkaar om gezond te leven. We stimuleren het dat je sport en dat je tijd neemt voor je familie en omgeving. Daarom werk je maximaal 36 uur per week. Wie zoeken we? Jij weet veel, kan veel en hoort veel. Bij voorkeur ken je zowel de bureau- als klantkant. Je vindt variatie in je werk belangrijk en weet dat in een klein groeiend bedrijf nog niet alles geregeld is. Je denkt makkelijk mee op strategisch niveau maar ook hands on sta je je mannetje. Je bent een fixer, krijgt dingen voor elkaar en maakt dingen af. Je helpt je teamleden en klanten om écht verder te komen en denkt buiten het hokje van jouw werk en taakomschrijving. Wat kan je? Je bent een generalist en hebt één of meerdere specialiteiten. Bijvoorbeeld: SEO / SEA / SEM Data analyse / Datavisualiatie Paid advertising Marketing automation Contentmarketing Social media marketing Hoeveel en wat voor ervaring heb je? Je hebt minimaal 2 jaar ervaring in digital / online marketing. Je eet, praat en droomt data, testen, optimalisatie en automation. Je wil echt een fundamentele bijdrage leveren aan de groei van je klanten en zet daar al je kennis voor in. Je functioneert op minimaal hbo-niveau. Diploma’s zijn handig om dit aan te tonen maar als je ons op een andere manier kunt overtuigen dan is dat ook prima. Wat mag je van ons verwachten? Marktconforme beloning Werken op een MacBook Pro Pensioenvoorziening Reiskostenvergoeding, vergoeding voor internet thuis Ruim vrije dagen Volop kansen om je te ontwikkelen en te groeien Veel eigen verantwoordelijkheid en inbreng Een paar hoe / wat / waar / hoeveel dingen Doe je dit allemaal alleen? Nee, zeker niet. We werken samen in een klein slagvaardig team. We helpen elkaar waar dat ook maar kan. Dat verwachten we ook van jou. Je bent helemaal tot hier gekomen? Pas jij (bijna) helemaal in dit plaatje? En word je hier blij van? Waar wacht je nog op? App André op 06-31961440. Gewoon bellen mag natuurlijk ook. Soort dienstverband: Fulltime, Bepaalde tijd Aanvullende betalingen: Vakantiegeld Arbeidsvoorwaarden: Pensioen Reiskostenvergoeding Werkschema: ma-vr Voorzorgsmaatregelen tegen het coronavirus: Op afstand solliciteren Er gelden richtlijnen voor social distancing Virtuele vergaderingen",2021-03-16 16:04:24
4ee2fd7790de940a,"F U N C T I E P R O F I E L “Parttime SEO/Content marketeer” Positie in de organisatie De functie valt hiërarchisch onder de directie Doel van de functie Het leveren van een belangrijke bijdrage aan de realisatie van onze bedrijfsdoelstellingen. Coatingvloer wil met deze functie haar bereik, het verhogen van betrokkenheid bij klanten en het realiseren van de conversie maximaliseren. Resultaatgebieden Produceren van relevante inhoud voor diverse digitale communicatiekanalen: websites, blogs, social media kanalen en digitale nieuwsbrieven. Continu werken aan het verbeteren van de SEO strategie: analyseren van zoektermen, SEO vriendelijke navigatiestructuur en webpagina’s en optimale gebruiksvriendelijkheid Online autoriteit verbeteren door het verkrijgen van relevante externe links Ondersteuning van de e-commerce activiteiten en op de hoogte blijven van digitale en communicatietechnologieën Functie-eisen Een passie voor digitale online technologieën Goede commerciële en communicatieve vaardigheden Minimaal 2 jaar ervaring met SEO- / content- en brandmanagement is een voorwaarde Vloeiende beheersing van de Nederlandse taal Goede engelse spreekvaardigheid Zelfstandig, stressbestendig en gedisciplineerd Aantoonbaar enthousiasme en zeer nauwkeurig kunnen werken Geen 9 tot 5 mentaliteit, flexibele inzetbaarheid Gevoel voor commercie, stijl en klasse is een pr Competenties Doelgericht Integer en Representatief Teamplayer en goed kunnen luisteren Overtuigingskracht Coatingvloer.nl biedt een prettige en professionele werkomgeving binnen een enthousiast team waar ruimte is om talent te ontwikkelen en/of persoonlijke ontwikkeling. Het salaris, de bijkomende emolumenten en secundaire arbeidsvoorwaarden zijn, afhankelijk van de kennis en werkervaring, in alle gevallen uitstekend.",2021-03-16 16:04:27
0d85262aa5e2e645,"Basisinformatie Location Delft, Zuid-Holland, Netherlands Job type Voltijds Contract Regular/Permanent  ABB is a global company. Leader in electricity transmission and distribution, process and production automation and electrical, electronic and installation products and systems. We are at the forefront of innovation, following trends and thinking along with our customers. We have brought together 150,000 people working together in more than 100 countries around the world.  Over the last decade ABB has consistently invested in delivering power for the transportation of tomorrow, bringing the digital and physical worlds together. Since entering the EV-charging market a decade ago, ABB has sold more than 17,000 DC fast chargers across more than 80 countries. We are now the partner of choice for the world’s biggest electric vehicle OEMs and nationwide EV charging network operators. The exciting developments within this sector perfectly align with our Mission to Zero initiative, aiming to support cleaner and greener communities for all.  From intelligent insights to complete electrification solutions, ABB has the resources and technological leadership to make our customer’s e-mobility vision a safe, smart, and sustainable reality.  For the team E-mobility Marketing in Delft we are looking for:  Global Product/Segment Marketing and Training Specialist  The responsibility of this role is to conduct marketing activities and market analyses using all available marketing tools for existing and potential products, systems and/or services for global markets.  Your tasks and responsibilities are: You will work with Global Product Managers to develop and implement Go-to-market strategy and value proposition by segment and channel, including communication and support to local business units to implement locally. You will support communications team by providing input and thought leadership into product and segment promotion materials. You will consolidate market intelligence for assigned products/segments from internal (sales) and external resources and completes analysis related to market and trends. Identifies global marketing targets. You will monitor ABB sales and market globally and reports results that identify existing gaps and new opportunities for growth. You will provides input into product development business plans and roadmap planning. You will drive development of promotional material and tools needed to meet sales growth targets. You will work together with Global Product Managers and necessary functions to implement new tools and ensures local markets understand how to leverage them. You will develop promotional and education strategy towards consultant channel and you will identify and coach local consultant champions in the local markets. You will develop support materials which target consultants for relevant products and segments. You will define and implement training strategy for product/segment in combination with EL business Learning Academy team. You will work with global product managers to create content and work with EL Learning Academy team to deploy training. You will manage training budget and resources (for example video kits etc). You will plan & facilitate webinars (incl. content creation, scheduling, follow up etc). You will take care for the Learning management system administration and reporting to HR business partners and management team on key training metrics.  Requirements: Bachelor’s degree or equivalent, with experience Bachelor’s degree or a Masters degree, preferably with a technical focus. You have 5 years of experience in marketing or business development, preferably with E-mobility or green equipment manufacturing industry background. You have the capability and curiosity to learn about technical concepts relevant to E-mobility and customer challenges and ability to translate product features to customer-facing value proposition. You have the ability to think strategically and analytically about markets, segment, product, and technical challenges. You are comfortable working in a fast-paced environment. You are organized, with project management skills and coordination across functions. You have excellent relational skills at all levels and across different cultures. Experience working in a global team is a plus. You are proficient in Microsoft excel, word, power point. You have a self-driven motivation and are strong in teamwork. You are fluent in English, you have a high level of speaking, writing and listening.  Our offer: We offer you a varying and responsible job in an international concern which feels very strongly about the development of its staff. You will have the freedom to assume a whole variety of responsibilities within a quickly evolving environment. You can also count on a competitive compensation package in line with your capabilities and experience.  Interested? Register your CV and apply online via www.abb.nl by clicking on ‘Careers’. For questions regarding the open position please contact Jacqueline Pereboom, Talent Partner, e-mail soll@nl.abb.com, tel.: + 31 (0)10-4078214. Referentienummer NL77978130_E1 Publication date 2021-03-15",2021-03-16 16:04:31
bcafd016f70cee04,"Wil jij alles leren op het gebied van Online Marketing en vind je het het leuk om deel uit te maken van onze snelgroeiende start-up? Houd jij van een beetje uitdaging en verantwoordelijkheid? En heb je daarnaast ook nog eens een hands-on mentaliteit? Dan zijn wij op zoek naar jou! Over Global Leads Global Leads is een internationale start-u, gevestigd in Den Haag. Bij Global Leads zoeken we dagelijks naar de beste aanbiedingen / kortingen. Deze deals brengen we onder de aandacht bij onze fans via onze eigen online kanalen zoals Facebook (meer dan 200.000 leden), website (maandelijks 900.000 unieke bezoekers), onze app en nieuwsbrieven. Je krijgt super veel verantwoordelijkheid met eigen projecten die je zelfstandig mag uitvoeren. Er is erg veel ruimte voor eigen initiatief. Heb je een goed idee, dan mag je het wat ons betreft dezelfde dag nog gaan uitvoeren! Werkzaamheden Wij stemmen de werkzaamheden graag af op jouw studie, kennis, ervaring en ambitie. Een greep uit jouw mogelijke werkzaamheden: Google Analytics analyses uitvoeren en verbeterpunten aandragen * SEO-optimalisatie Schrijven van SEO-content Speuren naar de beste online kortingen en deals Publiceren van deals op onze internationale websites & Social Media pagina's Managen van onze Social Media kanalen Community engagement verhogen Marketing campagnes & winacties opzetten Onderzoek naar nieuwe mogelijkheden / markten voor onze website. Wie zoeken wij? Ambitieuze HBO / WO Studenten (bij voorkeur Commerciële Economie, Communicatie of Marketing) Affiniteit met Online Marketing en Social Media Hands-on mentaliteit (we zijn een start-up) Foutloze beheersing van de Nederlandse taal Beheersing van een extra taal (bijv Spaans, Frans of Duits) is een pré Ben jij gek op koopjes / kortingen? Dan pas je helemaal goed in ons team! Wat bieden we jou? Binnen ons bedrijf krijg je de kans om werkervaring op te doen op het gebied van Online Marketing. Binnen ons topteam hebben we jarenlange ervaring met Online Marketing én met het coachen van studenten. Tenslotte zijn er altijd mogelijkheden om na je studie aan de slag te gaan bij ons Soort dienstverband: Parttime Aanvullende betalingen: Bonusregeling Arbeidsvoorwaarden: Flexibele werkuren Werk vanuit huis Werkschema: ma-vr Weekend Ervaring: Online marketing: 1 jaar (Aanbevolen) Opleiding: HBO (Aanbevolen) Thuiswerken: Ja",2021-03-16 16:04:35
4e810fb8b64580be,"Bijna of net HBO afgestudeerd in marketing en/of communicatie en heb je een passie voor schrijven? Affiniteit met de e-mail marketing én interesse in de vastgoedwereld? Als Junior Content Marketeer / Content specialist ben jij verantwoordelijk voor het schrijven en beheren van de content in onze e-mails, website en socials. Het is een uitdagende functie waar je elke dag iets nieuws leert! Iets voor jou? Wie zijn wij? SPRYG Real Estate Academy is een ambitieuze en dynamische opleider, uitgever en eventorganisator voor de top van de Nederlandse en Belgische vastgoedmarkt. In amper 5 jaar tijd zijn we gegroeid naar 20 medewerkers en tot tweemaal toe uitgeroepen tot FD Gazelle. Ons Marketingteam zorgt ervoor dat we goed gepositioneerd staan in beide landen én dat ook blijven. Wat ga je doen? Je maakt deel uit van ons snel groeiende Marketingteam! Als junior content marketeer zorg jij ervoor dat onze (potentiële) deelnemers enthousiast worden om in te schrijven voor onze bijeenkomsten. Je schrijft inhoudelijke e-mails, webteksten, persberichten én social media berichten. Dit doe je niet alleen. Op basis van succesvolle campagnes, doelgroep analyses, marketingrapportages en een grote dosis creativiteit ga jij onder begeleiding van een senior marketeer aan de slag met het schrijven van pakkende, conversiegerichte e-mailingcampagnes, die gegarandeerd door onze doelgroepen worden geopend! Je schrijft verder goed doordachte content voor onze website, persberichten en social media, en daarnaast creëer je content voor onze periodieke SPRYG-nieuwsbrief. We sommen jouw takenpakket nog even op: · Je zorgt voor alle content in e-mail campagnes in Nederland en België. · Je zorgt voor actuele content op onze website, in social media en in onze nieuwsbrieven. · Je deelt al jouw bevindingen om een optimaal resultaat te bereiken met het team en komt met verbeterpunten. Wat vragen we van jou? · Je hebt een afgeronde HBO opleiding richting communicatie, journalistiek en/of marketing · Je hebt een uitstekende beheersing van de Nederlandse taal, zowel mondeling als schriftelijk · Je hebt al 1 jaar werkervaring met het schrijven van teksten en het creëren van content en/of e-mail marketing · Je hebt affiniteit met, of interesse in de vastgoedmarkt (Business-to-Business) · Je werkt gestructureerd en nauwkeurig · Je voelt je thuis in een team · Je maakt je snel nieuwe onderwerpen eigen en legt makkelijk verbanden op basis van nieuwe en bestaande kennis · Je bent enthousiast, creatief, proactief, communicatief, flexibel en vindingrijk · Je presteert goed onder druk en houdt je aan deadlines · Je denkt graag mee en kunt goed omgaan met het ontvangen én geven van feedback · Je bent – bij voorkeur – woonachtig in de omgeving van Delft · Pré: Je hebt ervaring met het Adobe Photoshop/Indesign/Illustrator pakket Wat krijg je van ons? · Een uitdagende functie in een jong, gedreven en enthousiast team van 20 personen · Een dynamische werkomgeving in Delft · Ruimte voor eigen initiatief · Gevarieerde opleidingsmogelijkheden · Een passend salaris op basis van kennis en ervaring · Pensioenregeling · Mogelijkheid tot thuiswerken Als kennis- en netwerkplatform voor vastgoedprofessionals werken we mee aan de gezamenlijke ambitie om een duurzame, leefbare bebouwde omgeving te realiseren. Daarbij vinden wij het bevorderen van diversiteit en participatie van groot belang. Wij ontwikkelen en ondersteunen een werkomgeving waarin iedereen welkom is, ongeacht geslacht, burgerlijke staat, ras, huidskleur, nationale of etnische afkomst, sociale of economische achtergrond, handicap, geloof, seksuele geaardheid of leeftijd. Heb je een HBO marketing & communicatie achtergrond of opleiding en ben je net afgestudeerd of nog aan het afstuderen? Heb je al ervaring met content marketing of als content marketeer of copywriter/tekstschrijver en ben je op zoek naar een parttime job van 32-36 uur bij een leuke dynamische uitgever/event organisator in Delft? Dan ben jij dé copywriter of tekstschrijver die wij zoeken! Herken jij jezelf in bovenstaande omschrijving en kun je niet wachten om aan de slag te gaan bij SPRYG Real Estate Academy? Neem dan contact met ons op! We horen graag met motivatie waarom je voor deze functie kiest en waarom je voor ons wilt werken. Uiteraard ontvangen we ook graag jouw CV. Ga naar https://spryg.com/vacatures/junior-content-marketeer of klik op de button Solliciteer. Parttime uren: 32 tot 36 uur per week Opleiding: HBO (Aanbevolen) Deze vacature is zeer geschikt voor mensen met al wat ervaring in content marketing als content marketeer, copywriter, tekstschrijver, en content specialist. Soort dienstverband: Fulltime, Parttime, Tijdelijk, Bepaalde tijd Parttime uren: 32-36 per week Soort dienstverband: Fulltime, Parttime Aanvullende betalingen: Overuren uitbetaald Vakantiegeld Arbeidsvoorwaarden: Budget voor professionele ontwikkeling Pensioen Reiskostenvergoeding Werkschema: Dagdienst Ervaring: relevant werk: 1 jaar (Aanbevolen)",2021-03-16 16:04:39
7c38ebfff21fb87b,"Voor één van onze opdrachtgevers, een specialist in de E-Commerce, zijn wij op zoek naar een Affiliate Marketeer. Als Affiliate Marketeer ben jij een belangrijke schakel binnen het online marketing team en zorg jij ervoor dat campagnes van klanten optimaal benut worden. Dat houdt in dat jij online campagnes evalueert, optimaliseert en zorgt voor een optimale rendabiliteit. Ook hou jij de kosten ontwikkelingen en omzetten in de gaten en draag jij bij aan concrete verbeteringen. Ben jij commercieel en vindt jij het leuk om te onderhandelen met klanten? Dit ga je doen Initiëren van partnerships, onderhouden en verder uit bouwen; Evalueren van campagnes en, om gezamenlijk nog betere resultaten te boeken, bekijk jij waar optimalisatieslagen gemaakt kunnen worden; Ontwikkelingen van de kosten en omzetten in de gaten houden; Onderhandelen met klanten om de rendabiliteit van campagnes zo optimaal mogelijk te houden; Ontwikkelingen spotten en behoeften van de affiliates vertalen naar vernieuwingen en verbeteringen in het affiliate programma; Opvolgen van leads voor het affiliate programma en jij bent proactief in het benaderen van publishers om nieuwe samenwerkingen aan te gaan; Samen met de designers draag jij bij aan actuele en gepaste promotiematerialen; Samen met het marketing team bewaken jullie van de voortgang van binnenkomende leads en jij stuurt bij indien noodzakelijk. Wat wij vragen Wij zoeken iemand die affiniteit heeft met de E-Commerce branche, ondernemend is, van aanpakken houdt en de onderhandelingen met klanten aan durft te gaan. Hbo werk- en denk niveau; Circa 2 tot 5 jaar relevante werkervaring; Professionele beheersing van de Nederlandse taal. Wat wij bieden Fulltime (5 dagen, 40 uur per week); €2.500 - €3.000 per maand (afhankelijk van ervaring); Je werkt met een MacBook Pro van de zaak; Thuiswerken op termijn ook mogelijk, fijne werksfeer & gratis lunches; Flexibele werktijden, je start de werkdag tussen 07:30 uur en 10:00 uur; Mogelijkheid op een vaste aanstelling.",2021-03-16 16:04:42
d986ca497114c00d,"Bedrijfsomschrijving Marieke Duijts Communicatie is een bureau met een traditionele communicatieachtergrond en een online focus. Vacaturetekst Ben jij de creatieve maker van effectieve content die mij komt versterken? * Marieke Duijts Communicatie is een jong communicatiebureau met een traditionele achtergrond in het vak. De laatste jaren heb ik een sterke online focus ontwikkeld en help ik klanten met een plan dat écht werkt. Na ruim 10 jaar werkzaam te zijn geweest in de communicatie-, PR- en evenementenwereld heb ik 3 jaar geleden de stap gezet om voor mezelf te beginnen. Inmiddels is het tijd voor versterking! Wat ga je doen? We gaan samen aan de slag voor verschillende klanten in het commerciële en publieke domein. Content maken voor onder andere een interieurbeplanter, een recruiter in de zorg en een makelaar in Utrecht gaat deel uitmaken van jouw dagelijkse werkzaamheden. Je bedenkt pakkende teksten en maakt sfeerbeelden voor websites en social media kanalen van klanten. Ook richt je nieuwe contentpagina’s (SEO) in, schrijf je blogs en maak je creatieve nieuwsbrieven. Daarnaast help je bij het maken van plannen en kom je zelf met ideeën. Onze eigen website (die er nog niet is) verdient ook zeker aandacht. Pas jij bij Marieke Duijts Communicatie? Je hebt minimaal 1 jaar ervaring of een zeer relevante stage Je hebt ervaring met content en SEO Je deinst niet terug voor: WordPress, CMS, Photoshop, Canva, Google Analytics Je hebt gevoel voor klantrelaties Je bent op de hoogte van de laatste ontwikkelingen op het gebied van social media Past Marieke Duijts Communicatie bij jou? Je werkt 16 tot 32 uur per week vanuit het gloednieuwe kantoor in Houten; Doorgroeimogelijkheden in de toekomst; Veel eigen verantwoordelijkheid; Een passend salaris, gebaseerd op leeftijd en ervaring; 22 vakantiedagen op basis van een 40-urige werkweek; Reiskostenvergoeding; Een schrijfopdracht maakt onderdeel uit van de sollicitatieprocedure. Heb je vragen? Bel mij op 0611591699. Heb je interesse in deze functie? Stuur je motivatiebrief en CV naar marieke$mariekeduijts.nl Acquisitie op basis van deze vacature wordt niet op prijs gesteld! * Contractduur 7 maanden Deadline sollicitaties: 15-3-2021 Soort dienstverband: Bepaalde tijd Aanvullende betalingen: Vakantiegeld Arbeidsvoorwaarden: Extra vakantiedagen Reiskostenvergoeding Vrijdagmiddagborrel Werkschema: ma-vr Thuiswerken: Nee",2021-03-16 16:04:46
3b220a9aec41b970,"We zijn op zoek naar sprankelend talent! Voor een gaaf bedrijf in Zaandam zijn wij op zoek naar een gedreven E-commerce Marketeer. Vind je het leuk om gave content te maken, online campagnes op te zetten en de customer journey op de website te optimaliseren om zo nieuwe klanten en orders te werven? Dan ben jij de fulltime E-commerce Marketeer die wij zoeken! Aan de slag als E-commerce Marketeer in Zaandam Als E-commerce Marketeer ben je verantwoordelijk voor het realiseren van groei via online marketingkanalen zoals email, social media, affiliatie programma’s en SEO. Je houdt je bezig met het creëren van content en het optimaliseren van processen, met als doel om nieuwe klanten te werven, zowel B2B als B2C. Zo ga je bijvoorbeeld blogs en artikelen schrijven, verbeteringen aandragen voor de website en de customer journey optimaliseren. Belangrijk hierbij is dat alles draait om de klant: alles moet zo ingericht zijn dat de tevredenheid van de klant gemaximaliseerd wordt, om zo orders te realiseren. Verder is het belangrijk dat jij: Commerciële kansen registreert en achternagaat; De e-commerce strategie naleeft en verder uitbouwt; Het operationele beheer van de webwinkel op je neemt; Ads creëert ten behoeve van de acquisitie en retentie van klanten; Kortom, een super diverse functie met een uitdagend takenpakket waarin het belangrijk is dat je commercieel ingesteld bent, aandacht voor detail hebt en over uitstekende communicatieve vaardigheden beschikt! Waar zijn wij verder naar op zoek? Je hebt minimaal hbo werk- en denkniveau en hebt al werkervaring opgedaan binnen de marketing; Je bent bekend met Google Ads, Magento en Adobe Creative Cloud. Je beschikt over een kritische en scherpe blik, en kunt snel schakelen; Je hebt uitstekende kennis over web usability en accessibility, en je hebt affiniteit met e-commerce; Je kent de ins en outs van SEO, affiliate programma’s, email marketing en social media. Wat krijg je hiervoor terug? Een zeer interessante en veelzijdige allround marketingfunctie; Een salaris van €2500 tot €3500, gebaseerd op eerdere werkervaring; Veel ruimte voor persoonlijke en professionele ontwikkeling; Een baan in een prachtig kantoor, met gezellige collega’s! Waar kom je te werken? Onze opdrachtgever is gevestigd aan de rand van Zaandam, in een spiksplinternieuw pand. Het bedrijf verkoopt eigenlijk alles wat er in een dokterspraktijk, ziekenhuis of andere medische organisatie thuishoort, behalve medicijnen. Hierbij kun je denken aan behandeltafels, verbandmiddelen of bloeddrukmeters, maar ook aan speelgoed dat kinderen na hun eerste doktersbezoek meekrijgen. Het bedrijf hecht veel waarde aan een ondernemende instelling, een gezonde dosis zelfreflectie en een kritische houding. Wil jij aan de slag als E-commerce Marketeer in Zaandam? Super! Solliciteer direct via de ‘nu solliciteren’ button of stuur een berichtje per mail of via Whatsapp. Jeroen staat je graag te woord!",2021-03-16 16:04:49
a08b05e63144b6d6,"Ben jij gek op cijfers en data? Niet bang om te experimenteren tegen grote concurrenten? Ben jij innovatief en overtuigend? TOPdesk zoekt een vooruitstrevende SEA/SEO Marketeer! Solliciteer direct Wat ga jij doen als SEA/SEO Marketeer? Het TOPdesk klantbestand exponentieel laten groeien! Een van de bedrijfsdoelen van TOPdesk is groeien, fors groeien. Groeien van 4.000 internationale klanten naar 10.000 klanten in 2023. Jij begrijpt als geen ander wat voor rol een SEA/SEO Marketeer daarin heeft. Sterker nog: jij weet terwijl je dit leest al precies waarom je deze vacature zo gemakkelijk en goed kon vinden! Hoe jij dat aanpakt? Je werkt samen met (internationale) field marketeers voor het verbeteren van de ad performances en het opstellen en implementeren van een SEA strategie. Jouw collega’s uit andere branches zijn als het ware jouw klanten, want als SEA/SEO marketeer ben jij een soort ‘agent’. Jij verbetert de vindbaarheid van onze websites in zoekmachines, test advertentieteksten, landingspagina’s, display en video ads en analyseert het zoekgedrag van potentiele klanten. Je richt Google Ads campagnes in en meet de resultaten. Jouw bevindingen en best practices rapporteer jij aan internationale TOPdesk stakeholders en field marketeers. Ben jij op de hoogte van de nieuwste trends en ontwikkelingen op het gebied van SEO en SEA? Manage jij zonder problemen 11 internationale accounts? Ben jij slimmer dan concurrenten? Of kun jij niet wachten om te experimenteren met Reddit en YouTube ads? Je kunt meteen aan de slag. Waar kom je terecht? Op de internationale marketingafdeling, waarvan 27 collega’s in Nederland en nog eens 49 binnen de internationale TOPdesk branches, Jij gaat aan de slag in een van de multidisciplinaire scrumteams op het hoofdkantoor in Delft. Wie er nog meer in jouw team zitten? Marketeers, copywriters en designers. Het hoofddoel van jouw team is: businessgroei. Jij wordt daarnaast onderdeel van een grote marketing vertical. Marketeers en creatives van België tot Brazilië werken samen over 11 landsgrenzen heen aan de bouw van een sterke TOPdesk-brede marketingafdeling. Jij wordt remote ingewerkt en krijgt van TOPdesk alles wat je nodig hebt voor een goede inrichting van je home office. Daarnaast krijg jij de mogelijkheid om jaarlijks nieuwe kennis op te doen en nieuwe initiatieven te starten. Je werkt in een open en informele cultuur, waar vrijheid, vertrouwen en verantwoordelijkheid centraal staan. Ben jij de nieuwe, innovatieve SEA/SEO Marketeer? Jij hebt een afgerond HBO-/WO-diploma en aantoonbare marketingkennis Jij bent gek op data en cijfers! Jij hebt ervaring met SEA kanalen zoals Google Ads, Microsoft Ads & Adroll. Jij hebt ervaring met SEO tools zoals Google Search Console & Moz. Jij weet je weg te vinden in Google Analytics en Google Data Studio. Jij draait je hand niet om voor heldere rapportages. Jij werkt graag samen in een team. Jij beschikt over een enorm reflectievermogen. Jij overtuigt anderen zonder problemen van jouw goede zoekmachinemarketing. Je hebt ervaring met budgetmatig werken en gedeelde verantwoordelijkheid. Jij maakt jezelf goed verstaanbaar– en schrijft gemakkelijk in het Engels. Waar doe jij het voor? Werken bij een van de beste werkgevers van Nederland! Met een open en informele cultuur. En een grote focus op persoonlijke ontwikkeling. Jij krijgt een laptop en andere thuiskantoor benodigdheden. Jij krijgt de mogelijkheid om te experimenteren met nieuwe marketingkanalen. Jij gaat werken bij de marktleider in de wereld van service management. Uitstekende secundaire arbeidsvoorwaarden. En een scala aan nieuwe initiatieven die zorgen voor verbondenheid met de organisatie en de bedrijfscultuur. Solliciteren? Enthousiast geworden? Je motivatiebrief en cv ontvangen we graag via het sollicitatieformulier. Heb je nog vragen over deze functie? Neem dan contact op met Berend van Liemt via 015 270 0900. Tips voor je brief? We vinden het belangrijk dat je analytisch, leergierig en een teamplayer bent. We horen daarom graag, aan de hand van een voorbeeld, wat deze competenties voor jou betekenen. We zijn natuurlijk ook benieuwd waarom je op precies deze functie reageert en waarom je graag bij TOPdesk wilt werken.",2021-03-16 16:04:53
858818feaac87867,"Online Marketeer Fulltime |Amsterdam, NL Is fitness your passion? Or is your passion watching Netflix under the pleasure of delicious chips, but you have a great affinity with online marketing? Are you proactive and stress-resistant? Great, then we have the perfect job for you at Hidden Profits Marketing as an online marketeer in Amsterdam! Information about the role As our online marketeer, you will be busy with creating, building, and optimizing online marketing campaigns for our clients in the fitness industry. This includes for example Facebook, Instagram, and Google Ads. You will focus on generating and optimizing potential customer leads. Besides that, you will be busy optimizing your own online visibility and do competitive and keyword analysis. All of this with the use of Google programs, so basic knowledge is a pre (not mandatory)!  About the tasks Creating, building, and optimizing online marketing campaigns (including Facebook, Instagram and Google Ads) for our clients in the fitness industry Developing effective landing pages to generate as many leads as possible for our customers Designing and placing appealing promotional online advertisements to generate as many visitors as possible for the landing pages In consultation with the innovation team, devise and implement A / B tests for the further optimization of the Online Marketing Formula Target potential leads for our customers in different areas Integrate successful bidding strategies and effective keyword management Keyword and competitive analysis Requirements You can speak and write Dutch fluently, You have good English knowledge (Hidden Profits Marketing is an international organisation and the company language is English), At least one-year working experience in online marketing is preferred, You have a hands-on mentality and you have strong planning and communication skills. Mbo or bachelor degree What do we offer? Of course, you will get a chance to work in a young, professional, fun, and international company. When we are in the office, we grab a drink (or two) (or three??) together. We are a relaxed but hard-working, young team. Since we are a fitness company, when we are allowed in the office, you will get a weekly fitness program. What you choose to do with it is up to you, some of us don’t even look at it. You will follow a great program to get to know the company, and it will help you to grow individually. Of course, you do get paid, get a pension plan, and 25 vacation days (only if you promise to come back…)! What about us? The mission of Hidden Profits Marketing is to help entrepreneurs in the fitness industry grow their businesses. Since 2004 we have been generating (online) leads for our customers with innovative marketing strategies. We currently work continuously for more than 800 customers from 12 different countries. Quite big, right! Our team consists of 50 young and ambitious people and due to continuous growth, we are looking for a creative new colleague to help ourselves, and our customers reach the next level in their business. Do we still have your interest? Are you curious? Or do you basically want to start as soon as possible? Perfect! Email your application directly to jobs@hiddenprofitsmarketing.com. We will contact you as soon as possible!",2021-03-16 16:04:56
79f9d0ae69daaea1,"Marketing Netherlands, Rotterdam Annelot Kroon Corporate Recruiter +31 10 243 6000 a.kroon@sana-commerce.com  Your job The Demand Generation Marketing Specialist responsibility will be to accelerate the growth of our email channel on a global level and in a cost-effective, agile way. Consequently, it is his/her responsibility to build a pipeline for growth through data-driven campaigning and experimentation in cooperation with the Corporate Marketing teams to generate new business opportunities for Sana Commerce. The Senior Demand Generation Specialist will be part of the Virtual Team Growth and report to the Corporate Marketing Manager. Besides, as part of the Corporate Team, it is his/her mission to evangelizing the growth-mindset in the global marketing operations by stimulating agile ways of working, resulting in effective and data-driven working methods. Moreover, it is his/her responsibility to keep on developing himself/herself into a T-Shaped Marketing professional who is eager to explore new growth opportunities for Sana Commerce. You will be responsible for: Strategizing and executing multi-channel campaigns from awareness down to traffic, conversion and retention to drive revenue on a global level Partner closely with sales and key business teams to create and build campaign plans, doing research and revising based on feedback. Implement campaign best practices to track, monitor, and report campaign performance. Work on new experiments, creatives and other ideas for experimentation (A/B Tests, CRO, etc.) Ensure that learnings from experiments are shared, get high visibility and are implemented in daily marketing operations. Provide regular reporting on progress towards key milestones and effectiveness of growth efforts in key markets. Partner closely with Marketing Intelligence to track and optimize campaign performance. Collaborate with Content Marketing to maintain a consistent brand voice and message throughout campaigns. Evangelizing the growth-mindset in the global marketing operations by stimulating agile ways of working. What’s in it for you? Personal development. We believe that as our company grows, our people should be able to grow with us. We value learning and development opportunities for all our employees. So from learning on the job to trainings and coaching, it’s all there. Together with your manager you are in charge of your own personal growth; Onboarding and buddy program. It’s always quite new and exciting to start your next adventure. We value a strong onboarding. You will be joining our general onboarding, will be introduced to a buddy and will get a role specific onboarding as well; Entrepreneurial environment. We are a fast-growing international scale-up organization in software. We encourage initiatives and ideas from our people. We like to accomplish things together as a team; Health and well-being. We believe that every employee should be at their best. So, we like to help a little bit with that, physically and mentally. In our offices we have fresh fruits available, we offer weekly bootcamp sessions and we offer several workshops focused on health and wellbeing for our people; Extra benefits: We offer flexible working hours, Friday afternoon drinks in our very own bar (bi-monthly themed versions of this including dinner), table tennis, monthly chair massages, Wednesdays toastie lunch and many more. Interested to learn more? Check our employee guide! What you bring along: Good understanding and hands-on knowledge of digital channels such as Search, Display or Social Media advertising, etc. Minimum of 2 years of working experience in the field of Campaign Marketing, Online Marketing, etc. Experience with agile project management Experience with tools such as Marketo, Google Suite, Social Paid Tools, etc. Strong commercial mindset Proficient in number crunching in Excel and experience with analytics tool such as Google Analytics, etc. Past working experience with international clients on the agency side or for an international company Knowledge of the B2B software industry is a plus About us It all started in 2007, with a pizza and a plan. One evening in Rotterdam, the Netherlands, five people came together over a pizza and set out to create a B2B e-commerce platform unlike any other. And Sana Commerce was born. Sana Commerce is an e-commerce platform designed to help manufacturers, distributors and wholesalers succeed by fostering lasting relationships with customers who depend on them. How? By making our customers’ SAP or Microsoft Dynamics ERP and e-commerce work as one. This unlocks total customer convenience, reliability without compromise, and constant evolution. Sana Commerce is currently powered by more than 400 employees. We all have our own expertise and specialties, from sales and marketing to project management and more. But we’re all driven by the same goal: to make our customers’ e-commerce projects a success. Our core values So, what does being a part of the Sana team mean? Below is a list of our core values — the most important beliefs we look for in new colleagues and the foundation of our company culture. They guide us in our decision making and they define Sana’s personality as an organization. Entrepreneurial. Sana exists today because a few people had a great idea and brought that idea to life. Sana continues to grow and thrive because that same entrepreneurial spirit is still strong within the company. Result driven. We’re an ambitious group here at Sana, there’s no denying that. We set tough targets and give our all to reach them. Of course, we also know that being result-driven is about more than just KPIs. It’s about creating value, tackling challenges head-on and supporting our colleagues in reaching their goals. Committed. No one said that getting 10,000 active clients by 2030 was going to be easy! We’re in it for the long haul. Through good times and bad, we stick together because we believe in our product, our promise and our people. Team spirit. We love working together, learning from each other, and celebrating success. At Sana, everyone is eager to help their colleagues and success is always a team effort. Let new adventures begin! Applying Procedure Online Assessment & Phone Interview With the assessment, we’re measuring your learning agility. Did we click? Then our recruiters would love to get to know you better. Hiring Manager Interview Meet your future manager and ask them anything about the role you’re applying for, about Sana Commerce and the culture. Business Case It’s based on real scenarios and information — you need to prepare a business case. This is done to assess the love for your future role and your skills. One of your future team members will also join this meeting. Final Interview with MT-member We close our hiring process by introducing you to a member of our management team.",2021-03-16 16:05:00
befd16d259c9349d,"Wie zijn wij Provalliance Nederland is hét grootste kappersformulehuis van de Benelux met toonaangevende merken waaronder Cosmo Hairstyling, Team Kappers en BrainWash Kappers. Onderdeel van de Franse Provalliance Group, Europees marktleider in de kappersbranche. De salons van Provalliance Nederland zijn deels franchise en deels eigen filialen. Bij Provalliance Nederland werk je in een jong, dynamisch en gedreven team waarbij jouw ontwikkeling en talenten centraal staan. Daarnaast werk je in een prachtige omgeving met uitzicht op de Erasmusbrug en op de hoek van de Witte de Withstraat in Rotterdam. Provalliance Nederland staat geen moment stil. Over het lifestyle merk Team Kappers (zie https://teamkappers.nl): Team Kappers staat licht en vol plezier in het leven. We zijn er voor iedereen die goed geknipt en gekleurd wil worden in een ongedwongen sfeer. Want lekker in je vel hoeft niet zo zwaar te zijn, niet zo duur en niet zo ingewikkeld. Bij Team Kappers is iedereen welkom, en vertrekt iedereen met een glimlach. Niet alleen omdat onze service zo mensgericht is, of de sfeer in onze salons zo huiselijk, ongedwongen en gezellig. Vooral omdat we weten dat een goede kappersbehandeling gewoon een heerlijk gevoel kan geven. Voor jou, voor jou kinderen- en voor iedereen die net al wij vindt dat het leven te leuk is om al te serieus te nemen. Lacht het leven toe! Voor je ’t weet, lacht ’t terug Functieomschrijving Als Brand Manager Team Kappers ben je verantwoordelijk voor de merkstrategie en omnichannel campagnes van de formule Team Kappers. Hiernaast zet je per campagne een strakke planning op voor het team, zodat de campagnes op het juiste moment live gaan. Vanuit de campagne marketingkalender, welke je afstemt met het formule team, draag je zorg voor een juiste doorvertaling en ‘uitrol’ van de campagnes. Je bewaakt de nodige KPI’s op jouw campagne, het ultieme resultaat. Hier zorg je voor door een complete briefing aan de betrokkenen, zodat ze pre-cies weten wat er van ze verwacht wordt. Samen met het team bedenk je sterke concepten voor omnichannel sales en branding campagnes waarmee Nederland niet meer om onze merken heen kan en iedereen de campagnes van Team Kap-pers meekrijgt. Je zorgt ervoor dat alle betrokkenen van de campagnes op de hoogte zijn en dat ie-dereen dus op tijd ontvangt wat ze nodig hebben. Je bent een ‘natuurlijk leider’ als het gaat om cam-pagnes en projecten. Ook ontbreekt het je niet aan creativiteit en ga je aan de slag met de vele content marketing campag-nes samen met het team. Met welke onderwerpen en campagnes gaan we relevanter communiceren met onze doelgroepen? Aan de hand van je doelstellingen bepaal je in welke kanalen de campagnes het beste weggezet kunnen worden. Je bent centraal contactpersoon voor directe collega’s en ex-terne partners voor de ontwikkeling van content. Taken en verantwoordelijkheden: Ontwikkelen Brand strategie en bijbehorende Marketing kalender; Ontwikkelen en uitvoeren van sterke campagne strategieën welke bijdragen aan de algehele marketingdoelstellingen van Team Kappers met inzet van alle on- en offline kanalen; Communicatie en nauwe afstemming onderhouden met de ondernemers en collega’s in de salons; Je maakt Team Kappers als merk ook digitaal klaar voor de toekomst, zodat we ook in de toe-komst relevant blijven; Je zorgt voor juiste structuur van werken, bewaakt deadlines en levert op tijd; Met jouw creativiteit zorg je voor ‘out-of-the-box’ campagne concepten, nieuwe en innova-tief leuke campagnes met inzet van mooie content gecombineerd met de juiste inzet van de (digital) marketing mix; Vervaardigen en analyseren van rapportages; Promotie van campagnes en bijbehorende content op de verschillende kanalen zodat deze zichtbaar zijn voor de juiste doelgroep; Initiëren en organiseren van content en lifestyle shoots. Wie zoeken wij? Je hebt minimaal een afgeronde HBO opleiding en hebt minimaal 2 tot 3 jaar werkervaring in een vergelijkbare rol, bij voorkeur in de beautybranche; Ervaring en sterke affiniteit met beauty; Je bent innovatief en creatief ingesteld; Je hebt uitstekende projectmanagement skills; Organisatorisch talent met een kritische blik en een sterk analytisch vermogen; Je bent klantgericht en commercieel; Je communiceert makkelijk met mensen binnen en buiten de organisatie; Flexibel en veranderingsgezind; Ervaring met het organiseren van shoots is een sterke pré; Een zeer goede beheersing van de Nederlandse taal in woord en geschrift. Wat staat daar tegenover? Een veelzijdige baan bij een internationaal bedrijf, met in Nederland meer dan 350 salons, een sterke marktpositie en ambitieuze werkomgeving waar we alles vanuit onze passie voor het kappersambacht doen. Persoonlijke aandacht voor de klant en respect voor elkaar staan hoog in het vaandel. Je kunt rekenen op een marktconform salaris en goede secundaire voorwaarden zoals een pensioenregeling en een persoonlijk budget om je haar te laten doen door de haarexperts uit de branche! #goodbyebadhairdays. Is dit jouw droombaan? Ben je enthousiast geworden over deze functie en onze organisatie? Stuur dan je CV naar jobs@provalliance.nl.",2021-03-16 16:05:03
7c1d18dfca35ac99,"OVER DE FUNCTIE In de functie van CRM Marketeer maak je onderdeel uit van het Marketing & Sales team en rapporteer je aan de Manager Online & CRM. Het team maakt onderdeel uit van de afdeling Commerce.  Als CRM Marketeer houd je je bezig met het verzamelen, verrijken en analyseren van data om gepersonaliseerde (digitale) marketing campagnes te ontwikkelen, uit te voeren en te monitoren. Hiermee draag je bij aan het vergroten van de klantwaarde met als doel een ultieme beleving voor onze bezoekers, activatie van onze doelgroep en stijging van de omzet. Je maakt hierbij o.a. gebruik van de tools binnen het Selligent Marketing Platform. OVER JOUW ROL Je houdt je bezig met het ontwikkelen van (digitale) CRM marketingcampagnes op basis van klantgegevens. Je werkt nauw samen met andere afdelingen met als doel onze bezoekers zo efficiënt en goed mogelijk te boeien en te binden.  Je bent verantwoordelijk voor het ontwikkelen, implementeren, segmenteren en optimaliseren van (geautomatiseerde) e-mailcampagnes. Je maakt daarbij optimaal gebruik van de beschikbare data en mogelijkheden in ons CRM systeem (Selligent) en bent ook bezig om deze data te verrijken. Naast dat je strategisch bent ingesteld, houd je ervan om zelf aan de knoppen te zitten en zelf nieuwe campagnes te ontwikkelen; je bent namelijk ook operationeel verantwoordelijk voor de uitvoering van alle CRM campagnes. Je slaat de brug tussen creatie, techniek en performance.  Je krijgt energie van het bedenken van creatieve oplossingen en hebt een brede interesse in film en technische ontwikkelingen op jouw vakgebied. Je zoekt voortdurend naar manieren om een betere, gepersonaliseerde bezoekersbeleving te creëren en je denkt vooruit.  Je hebt oog voor ontwikkelingen binnen het vakgebied en de doelgroep en houdt jezelf en het team scherp op dit gebied. Tevens draag je bij aan de ontwikkeling van het beleid hierover. Je bent in staat om altijd uit het oogpunt van onze bezoekers te denken met als doel het verrassen van onze bezoeker. WAT VRAGEN WIJ Minimaal HBO werk en denkniveau en 3 jaar werkervaring in een vergelijkbare functie; Ervaring in het opstellen en ontwikkelen van data-gedreven, digitale CRM campagnes (ervaring met Selligent is een pré) en met het werken in een database; Je hebt ervaring met e-mailcampagnes ontwikkelen en klantsegmentaties uitvoeren (list management); Je bent leergierig en niet bang om nieuwe technieken aan te leren en zelf dingen te ‘bouwen’; Je bent communicatief vaardig, commercieel ingesteld en creatief in concept en woord; Uitstekende kennis van Nederlands in woord en geschrift; Je bent analytisch, secuur, zelfsturend en assertief; Ervaring met SQL,HTML en Excel. WAT BIEDEN WIJ Werken voor Pathé betekent werken voor de marktleider in de bioscoopbranche. Je krijgt van ons een mooi salaris met daarnaast vakantiegeld en 25 vakantiedagen, reiskostenvergoeding en een pensioenregeling. Daarbij komt de Pathé Moviecard waarmee jij natuurlijk ook zelf naar alle films kunt mét eventueel jouw +1. Je zult deels thuis werken waarvoor wij de juiste middelen faciliteren om een goede werkplek in te richten. Daarnaast zal je het andere deel op ons hoofdkantoor werken (op een prachtige plek op de Zuidas in Amsterdam) of in één van onze theaters op de daarvoor bestemde flexplekken. Je krijgt veel flexibiliteit en ruimte om jouw tijd zelf in te delen en wordt beoordeeld aan de hand van jouw prestaties, waaraan ook de jaarlijkse bonus is gekoppeld. Verder kom je te werken in een professioneel team met heel gemotiveerde en enthousiaste collega’s. We bieden jou diverse opleidingsmogelijkheden en ruimte om jezelf verder te ontwikkelen.",2021-03-16 16:05:07
44d74c1d348d150d,"Dit wordt jouw job! Hoofdkantoor / Hengelo Algemeen Als Online Content Marketeer heb jij een onderscheidende rol in het verbinden van de buitenwereld met VIRO. Jouw communicatie spreekt aan door de juiste toon, de juiste timing en de juiste plek. Communiceren is je op het lijf geschreven. Je bent zowel een generalist als een vakspecialist. Generalist door je brede kennis van moderne communicatie. Vakspecialist door de juiste tone of voice, kanaalkeuzes en online marketingtechnieken en -tools. Jouw werkveld is met name gericht op het creëren van content voor de online wereld én deze optimaal in te zetten. Daarnaast bied je alledaagse ondersteuning bij de werkzaamheden op de afdeling. Spreekt het bovenstaande je aan? Welkom in ons team. Ambities genoeg! Wat vragen wij van jou? Een afgeronde opleiding (online) Communicatie op minimaal hbo-niveau Kennis van online marketing Relevante ervaring (meer dan 3 jaar) in soortgelijke functies Een unieke en eigentijdse schrijfstijl Je bent een teamspeler met de nodige zelfstandigheid Je weet hoofd- en bijzaken te onderscheiden, houdt overzicht en schrikt niet van deadlines Affiniteit met een technische omgeving Een proactieve houding met een can do mentaliteit Wat bieden wij jou? Hightech projecten met veel ruimte voor innovatieve en duurzame ideeën Enthousiaste, vakkundige collega’s en een open, prettige sfeer Regie over je eigen carrière via onze VIRO Academy Prima mogelijkheden en faciliteiten om thuis te werken, inclusief thuiswerkvergoeding 35 vakantiedagen Vergoeding voor het woon – werkverkeer Uitstekende pensioenvoorziening bij Nationale Nederlanden Collectieve zorgverzekering via VGZ Onze actieve personeelsvereniging zorgt voor de nodige ontspanning en voor mooie verhalen bij de koffieautomaat Online Content Marketeer Jouw afdeling Jij bent als Online Content Marketeer werkzaam op de afdeling Marketing & Communicatie, die onderdeel is van het hoofdkantoor. Het hoofdkantoor heeft een beleidsbepalende functie en faciliteert en ondersteunt tevens de vestigingen binnen VIRO. Het team Marketing & Communicatie houdt zich bezig met corporate communicatie, marketingcommunicatie, arbeidsmarktcommunicatie en interne communicatie. Je valt rechtstreeks onder de Marketing & Communicatie Manager en hebt contacten binnen de hele organisatie.",2021-03-16 16:05:10
170cbce50a9eed40,"Een feestje in je mailbox, dat kunnen we aan jou overlaten! Met jouw persoonlijke e-mails en gevoel voor timing weet je klanten aan ons te binden. Lijkt het je tof om in de wereld van digitale entertainment en e-commerce te werken? Lees dan snel verder! Jouw functie Als E-mail Marketeer ben je verantwoordelijk voor het genereren van verkeer naar onze platformen (website, mobiele website & app) via e-mail. Met jouw persoonlijke en goed getimede e-mails verleid je klanten om bij ons te blijven kopen.  Samen met onze CRM Manager bedenk je e-mailcampagnes die afgestemd zijn op de doelgroep. Op basis van koop- en klikgedrag bereik je onze klanten op het juiste moment met relevante content, persoonlijke contactmomenten en gepersonaliseerde aanbiedingen. Je bekijkt de campagneresultaten, signaleert verbeterpunten en stuurt bij waar nodig. Je vertaalt inzichten naar nieuwe ontwerpen, zodat je de volgende keer nog beter kunt inspelen op de behoeften van onze honderdduizenden nieuwsbriefabonnees. Jij bent pas tevreden als we steeds meer terugkerende klanten krijgen.  Samengevat houd je jezelf bezig met het volgende: Je ontwerpt en verstuurt persoonlijke, gesegmenteerde e-mails in meerdere talen Je bouwt e-mail templates voor terugkerende nieuwsbrieven Je brieft de content marketeers zodat zij de tekst en afbeeldingen kunnen aanleveren voor jouw nieuwsbriefontwerp Je voert A/B testen uit zodat iedere e-mail de voorgaande overtreft Je zorgt voor een gesegmenteerde aanpak per klantgroep en moment in de customer life cycle Je verhoogt de open- en klikratio en verlaagt het uitschrijfpercentage Je analyseert en evalueert campagneresultaten en verzorgt de rapportages Je wordt onderdeel van het marketing team, bestaande uit 12 collega’s verdeeld in 4 sub-teams: acquisitie, retentie, content en data. Je kunt dus veel leren van andere marketing disciplines. Jij wordt onderdeel van het retentie team, met zijn drieën zetten jullie je elke dag in voor het verhogen van de klantloyaliteit door middel van CRM, e-mail en social media marketing. Over Startselect Wij helpen consumenten het beste uit hun vrije tijd te halen door de verkoop van digitale games, in-game tegoeden, giftcards en abonnementen. Vanuit Eindhoven zijn we actief in 18 landen en vastberaden om verder uit te breiden. We werken direct samen met gerenommeerde merken zoals Google, Apple, PlayStation, Xbox, Nintendo, Activision en Netflix. Onze klanten kopen eenvoudig en veilig een code met hun favoriete betaalmethode, waarna ze deze direct op hun beeldscherm en per e-mail ontvangen. Nooit meer naar de winkel of wachten op de postbode: Start, Select, Play! Wat breng je mee? Een afgeronde HBO opleiding in marketing, media design of communicatie 1 – 3 jaar ervaring met e-mailmarketing Ervaring met HTML en CSS3 Ervaring met e-mailmarketingsoftware (wij gebruiken Clang) Je weet van aanpakken, hecht waarde aan kwaliteit en werkt secuur. Als het aan jou ligt bereiken slordigheidsfoutjes nooit de klant en groeit onze database gestaag. Heb je ook nog kennis van de Adobe designprogramma’s en/of Smarty PHP templates? Dan heb je een streepje voor! Wat krijg je van ons? Een leuke baan van 36 – 40 uur bij Europa's grootste webshop voor games en entertainment € 2.100 - € 2.500 bruto per maand, afhankelijk van je kennis en relevante werkervaring 40 top collega’s die altijd in zijn voor een potje tafelvoetbal of gamen in onze gameroom 25 verlofdagen op fulltime basis en de mogelijkheid om extra verlofdagen te kopen Pensioenregeling 8% vakantiegeld en een 13e maand Reiskostenvergoeding Flexibele werktijden en de mogelijkheid om gedeeltelijk vanuit huis te werken (ook na de coronamaatregelen) Gelegenheid voor persoonlijke en professionele ontwikkeling, aan jou om dit te benutten! Korting op onze producten, memorabele bedrijfsuitjes en gratis toegang tot Gamescom: de grootste gamebeurs ter wereld, zodra dit weer kan. Iets voor jou? Klik op de 'solliciteren' button om jezelf aan ons voor te stellen! We horen graag meer over jouw meest succesvolle e-mailcampagnes.",2021-03-16 16:05:14
e28d8d3e98cfd812,"Denk je graag mee hoe wij onze doelgroep kunnen bereiken? In kanalen, look & feel, maar ook in content? Vind je het belangrijk Broekhuis, de verschillende merken en de vestigingen op de kaart te zetten en niet onbelangrijk, met de optimale beleving? Dan zijn wij op zoek naar jou! Broekhuis in Harderwijk is namelijk op zoek naar een Online Marketeer voor 32-40 uur per week!  Wat je voor ons doet Als online Marketeer ben jij verantwoordelijk voor het genereren van nog meer traffic naar ons platform. Jij maakt hier gebruik van verschillende crossmedia kanalen. Hier kun je denken aan search marketing, display marketing, interesse en retargeting campagnes. Wij zoeken versterking om Broekhuis en de 13 automerken die wij landelijk verkopen verder uit te bouwen. Met meer dan 400.000 sessies en gemiddeld 1.250.000 paginaweergaven per maand, ben je verantwoordelijk voor het genereren van online kwalitatieve leads. Naast Broekhuis.nl hebben wij ook nog de websites; Broekhuislease.nl, jouwmobiliteit.nl, werkenbijbroekhuis.nu, store-haarlem.nl en relatiecollectief.nl die je mag gaan beheren!  Het betreft een mooie uitdaging, die afhankelijk van je kennis en ambitie vrijer ingezet kan worden. Je wordt verantwoordelijk voor onze campagnes en pakt de lead om alle online marketingkanalen met elkaar te verbinden. Kortom, jouw missie is om campagnes te ontwikkelen samen met het team die voldoen aan de doelstellingen en je bent gedreven om ze elke keer een stapje succesvoller te maken! Verder ga je: gelinkt aan onze strategie ontwikkel en beheer je effectieve campagnes over alle online marketing kanalen heen; je analyseert resultaten uit campagnes, zodat jij samen met het team de juiste keuze kunt maken voor het meest optimale resultaat; je zorgt voor de afstemming met interne en externe stakeholders (zoals onder andere externe bureaus, collega's op de afdeling en vestigingen); je werkt samen om goed converterende marketing materialen te creëren en bent continu scherpt op uitingen, zodat wij consistent communiceren; je bent medeverantwoordelijk voor de creatieve en productie van alle uitingen, denk hierbij aan social media campagnes of display advertising; het resultaat van campagnes analyseer je samen met (online) marketingspecialisten; je komt zelf met verbeteringen, die je goed onderbouwt en zelfverzekerd presenteert. We nemen snel beslissingen en gaan vlot over te de uitvoer van je doordachte plannen! Waarom werken bij Broekhuis leuk is Dat je bij Broekhuis ruim 1.500 collega's hebt, betekent niet dat je bij ons een nummer bent. Integendeel! Bij Broekhuis draait alles om de kracht van samenwerken. Ons team bestaat uit 18 behulpzame en enthousiaste collega's. Het is voor ons een sport om van onze klanten ambassadeurs te maken. Bovendien is het voor Broekhuis belangrijk dat de mens centraal staat. Dat geldt niet alleen voor onze klanten maar ook voor onze medewerkers. Dat merk je door de mensgerichte manier waarop wij elkaar benaderen en aan het feit dat wij elkaar graag verder helpen en samen denken in oplossingen. Wij geloven bovendien dat positiviteit onze sleutel tot succes is. Jij past bij ons als jij je daarin herkent en net als wij wil gaan voor het motto: ""alles voor een enthousiaste klant."" Wat jij kan Wij zoeken iemand met: minimaal een Hbo opleiding marketing, communicatie of commerciële economie; minimaal 2 jaar ervaring op het gebied van SEO, SEA en Google Analytics; Affiniteit met online en de automotive branche; zelfstandig en innovatief is, je ontdekt graag nieuwe mogelijkheden en je wilt jezelf blijven ontwikkelen; je werkt graag in teamverband en bent in staat snel te kunnen schakelen; het duidelijke briefen van externe of interne stakeholders is voor jou geen probleem; je kunt nauwkeurig en gestructureerd werken. ** De HR afdeling van Broekhuis werft zelf. Het is daarom niet nodig om kandidaten vrijblijvend voor te stellen of de vacature te acquireren.**  Wat bieden wij? Werken in een enthousiast en dynamisch team; de mogelijkheid om jezelf te ontwikkelen;; een no-nonsense omgeving met collega’s die gemotiveerd en kundig zijn;; ruimte om je creatieve geest de vrije loop te laten. Vragen over deze functie? Heb je nog vragen of wil je eerst meer informatie ontvangen, bel dan met Eveline Meijers - de Vries op 0341-211029 of stuur je vraag per mail",2021-03-16 16:05:17
e322f68b7e75a752,"Als Internationaal marketeer ga jij mede zorgdragen voor de verdere uitbouw van de internationale groei door o.a. intensief samen te werken met alle partners in binnen en buitenland. Onze opdrachtgever is een Scale-up die al 10 jaar pleit voor schonere brandstoffen. De doelstelling van dit bedrijf is om de komende jaren meer duurzame energie installaties te realiseren in Europa. Je zal verantwoordelijk zijn de marketing en communicatie van alle partners en hen actief ondersteunen bij hun marketing en communicatie activiteiten. Je zal onderdeel uitmaken van het commerciële team. Je houdt wel van de diverse contacten met al deze partijen en weet hen moeiteloos te overtuigen van de juiste campagnes. Heb je een can-do mentaliteit en wil je graag een bijdrage leveren aan een groene en schone planeet? Lees dan de vacature van Internationaal Marketeer Duurzaamheid en solliciteer! Waar kom ik te werken? Deze duurzame en commerciële organisatie faciliteert een schoner brandstofalternatief voor zwaar wegtransport. Dit doen ze o.a. door het uitbreiden van tankstations waar transporteurs deze schonere brandstof kunnen tanken. Deze internationale scale-up is gevestigd in het midden van het land. Persoonlijke ontwikkeling staat hier echt centraal en het bedrijf kent een open en informele werksfeer. De sfeer voelt aan als een start-up, maar doordat ze voortdurend samenwerken met grote corporates krijg je ook daar een kijkje in de keuken van mee. Daarnaast kent het bedrijf veel (internationale) doorgroeimogelijkheden! Wat ga ik doen als Internationaal Marketeer Duurzaamheid? Samen met collega’s van de sales afdeling, online marketing en communicatie campagnes en activiteiten uitdenken en realiseren; Actief aandragen van deze activiteiten aan partners en hen volledig ontzorgen bij het opzetten en uitvoeren; Beheren en uitbreiden van de relaties met de marketing afdelingen van deze partners; Fungeren als de specialist op het gebied van groene gassen, dit heb je binnen no time onder de knie; Jaarlijkse marketing plannen bedenen en realiseren voor de partners om de verkoop van groene gassen te stimuleren; Je bent ook verantwoordelijk voor de branding. Marketing campagnes bedenken en uitvoeren Contacten onderhouden en uitbouwen Marketing doelstellingen bewaken Branding What’s in it for me? Aantrekkelijke primaire én secundaire arbeidsvoorwaarden; Laptop en mobiel van de zaak; Een voorop lopende onderneming in de wereld van energietransitie met een informele werksfeer; Je krijgt veel ruimte en eigen verantwoordelijkheid; Internationale werkomgeving. Wat moet ik in huis hebben als Internationaal Marketeer Duurzaamheid? Afgeronde HBO Marketing/Communicatie; Min. 3 tot 5 jaar relevante werkervaring, contentmarketing is een pré; Sterke sociale en relationele vaardigheden; Uitstekende beheersing Nederlands en Engels, Duits is een pré; Commercieel zijn ingesteld, ondernemend, hands on; Ervaring met zelfstandig werken aan diverse projecten en campagnes tegelijk; Kunnen schakelen bij veranderde situaties. Iemand in jouw netwerk die geschikt is voor deze vacature? Regio Nieuwegein Solliciteren Lijkt de Internationaal Marketeer Duurzaamheid vacature jou wel wat? Solliciteer dan via onze website of stuur via WhatsApp jouw naam, e-mailadres en evt. CV naar (06) 34085480. Wil je eerst meer weten over deze vacature? Neem dan contact op met onderstaande contactpersoon.",2021-03-16 16:05:21
40e77ade43cc0787,"Voor Fitnesscentrum Ron Haans zijn we op zoek naar een marketing- en communicatiemedewerker. Ons kantoor is gevestigd in Winschoten. Het werk bij Fitnesscentrum Ron Haans is ontzettend veelzijdig en nooit saai! Er is veel te doen met inmiddels 13 vestigingen, heel veel! Functie-eisen: Een afgeronde MBO of HBO opleiding Een goede beheersing van de Nederlandse taal in woord en geschrift Ervaring met het commercieel inzetten van sociale media (zoals Facebook, Instagram) In bezit van rijbewijs B Affiniteit met sport en gezondheid Wij bieden: Een tijdelijk dienstverband van 12 maanden Een werkweek van 20 uur, verdeeld in overleg Een salaris dat afhankelijk is van opleiding, kennis en werkervaring Onbeperkt sporten op onze 13 locaties Wij waarderen de eigenschappen: Creativiteit Integriteit Service- en klantgericht Collegialiteit Positieve werkhouding Commerciële instelling Flexibiliteit Loyaliteit Functieomschrijving: Op ons kantoor houd je je bezig met verschillende marketing- en communicatiewerkzaamheden. Zo beheer je onze diverse sociale media, waaronder Facebook en Instagram. Je begrijpt welke content interessant is voor onze huidige leden, maar weet ook de juiste snaar te raken bij potentiële leden. Je weet hoe je nieuwe leads kunt aantrekken en hoe je warme leads kunt omzetten naar betalende leden. Ben je enthousiast over deze vacature? Stuur dan uiterlijk 5 april 2021 je CV mét foto en motivatie via ons formulier. Vertel ons zeker iets over jezelf, want we leren je graag alvast een beetje kennen! Voor vragen kun je telefonisch contact opnemen met 0597-769098.",2021-03-16 16:05:24
583c68edae3aa833,"Wij zijn per direct op zoek naar een enthousiaste SEO specialist die ons team komt versterken. Stel je voor: iemand wil energieleveranciers, telefoonabonnementen of verzekeringen vergelijken. Dan ga jij ervoor zorgen dat diegene onze websites goed kan vinden. Je werkt aan het opsporen en doorvoeren van verbeteringen op onze websites zoals Gaslicht.com en Poliswijzer.nl. Deze verbeteringen kunnen zowel content betreffen als technisch aspecten die je doorzet naar het development team. Daarnaast is het uitbreiden van ons linkprofiel ook een belangrijk onderdeel van jouw functie. In het team van marketeers zal je een belangrijke rol krijgen op het gebied van SEO. Dit betekent dat je niet alleen uitvoert, maar ook daadwerkelijk betrokken bent bij het opstellen van doelen en de planning hiervan. We zoeken voor deze rol zowel een junior (met minimaal 1 jaar ervaring) als een senior. Wat we zoeken Minimaal 1 jaar aantoonbare ervaring met SEO en Google Analytics; Je hebt kennis van HTML; Je bent enthousiast, proactief, accuraat en commercieel; Je hebt analytisch inzicht en liefde voor data; Je hebt een uitstekende beheersing van de Nederlandse taal; Je bent fulltime beschikbaar; Je hebt minimaal HBO/WO werk- en denkniveau. Wat we bieden Veel ruimte voor eigen inbreng; Gezellige borrels en personeelsuitjes ( op dit moment even online;) ); Uitstekende koffie van de hoogste kwaliteit; Prettige werksfeer; Marktconform salaris (afhankelijk van ervaring) en bonusmogelijkheden; Een baan bij de Bencom Group, 'the place to be' (goed voor je cv); Pensioenbijdrage.",2021-03-16 16:05:28
7ea6e652215b33f8,"Als Digital Marketeer werk je aan de online zichtbaarheid van diverse toonaangevende nationale en internationale klanten. Je helpt hun marktpotentieel te ontdekken en optimaal te benutten. Per klant werk je in vaste klantteams aan een duidelijke klantvisie, een (digitale) kanaalstrategie en optimaliseer je deze waar nodig. Je kunt je goed inleven in de diensten of producten van de klant en bent creatief als het gaat om bijvoorbeeld het opstellen van advertenties. Gedurende elke fase maak je de performance data uit de lead- en conversiefunnels zichtbaar en analyseer je geleverde performance en verbeterpotentieel. In overleg met de klant breng je aanpassingen aan om zo tot het gewenste resultaat te komen. Ascending people biedt deze baan in combinatie met het beste post-HBO- en WO-traineeship dat in de markt verkrijgbaar is. Een fulltime en impactvol werk- en ontwikkeltraject van 1 jaar van Ascending people, waardoor jij je maximaal kunt ontwikkelen.  Functievereisten: De voorkeur gaat uit naar een kandidaat die beschikt over een relevante opleiding op WO-niveau en 1 á 2 jaar werkervaring. Heb jij een relevante HBO- opleiding afgerond en aantoonbare ervaring en /of grote interesse in Digital Marketing dan nodigen we je graag uit om ook te reageren. Je hebt een sterk analytisch vermogen. Je bent een teamplayer, innovatief, initiatiefrijk en klantgericht. Enthousiast geworden en interesse in deze baan bij een jong en energiek bedrijf in een inspirerende werkomgeving? Neem contact op met Belia Stokman, tel: 06-52856476 voor meer info of solliciteer direct .",2021-03-16 16:05:31
3b220a9aec41b970,"We zijn op zoek naar sprankelend talent! Voor een gaaf bedrijf in Zaandam zijn wij op zoek naar een gedreven E-commerce Marketeer. Vind je het leuk om gave content te maken, online campagnes op te zetten en de customer journey op de website te optimaliseren om zo nieuwe klanten en orders te werven? Dan ben jij de fulltime E-commerce Marketeer die wij zoeken! Aan de slag als E-commerce Marketeer in Zaandam Als E-commerce Marketeer ben je verantwoordelijk voor het realiseren van groei via online marketingkanalen zoals email, social media, affiliatie programma’s en SEO. Je houdt je bezig met het creëren van content en het optimaliseren van processen, met als doel om nieuwe klanten te werven, zowel B2B als B2C. Zo ga je bijvoorbeeld blogs en artikelen schrijven, verbeteringen aandragen voor de website en de customer journey optimaliseren. Belangrijk hierbij is dat alles draait om de klant: alles moet zo ingericht zijn dat de tevredenheid van de klant gemaximaliseerd wordt, om zo orders te realiseren. Verder is het belangrijk dat jij: Commerciële kansen registreert en achternagaat; De e-commerce strategie naleeft en verder uitbouwt; Het operationele beheer van de webwinkel op je neemt; Ads creëert ten behoeve van de acquisitie en retentie van klanten; Kortom, een super diverse functie met een uitdagend takenpakket waarin het belangrijk is dat je commercieel ingesteld bent, aandacht voor detail hebt en over uitstekende communicatieve vaardigheden beschikt! Waar zijn wij verder naar op zoek? Je hebt minimaal hbo werk- en denkniveau en hebt al werkervaring opgedaan binnen de marketing; Je bent bekend met Google Ads, Magento en Adobe Creative Cloud. Je beschikt over een kritische en scherpe blik, en kunt snel schakelen; Je hebt uitstekende kennis over web usability en accessibility, en je hebt affiniteit met e-commerce; Je kent de ins en outs van SEO, affiliate programma’s, email marketing en social media. Wat krijg je hiervoor terug? Een zeer interessante en veelzijdige allround marketingfunctie; Een salaris van €2500 tot €3500, gebaseerd op eerdere werkervaring; Veel ruimte voor persoonlijke en professionele ontwikkeling; Een baan in een prachtig kantoor, met gezellige collega’s! Waar kom je te werken? Onze opdrachtgever is gevestigd aan de rand van Zaandam, in een spiksplinternieuw pand. Het bedrijf verkoopt eigenlijk alles wat er in een dokterspraktijk, ziekenhuis of andere medische organisatie thuishoort, behalve medicijnen. Hierbij kun je denken aan behandeltafels, verbandmiddelen of bloeddrukmeters, maar ook aan speelgoed dat kinderen na hun eerste doktersbezoek meekrijgen. Het bedrijf hecht veel waarde aan een ondernemende instelling, een gezonde dosis zelfreflectie en een kritische houding. Wil jij aan de slag als E-commerce Marketeer in Zaandam? Super! Solliciteer direct via de ‘nu solliciteren’ button of stuur een berichtje per mail of via Whatsapp. Jeroen staat je graag te woord!",2021-03-16 16:05:35
61a177a88e70eb30,"Ben jij de ondernemende marketing en communicatiespecialist die graag bij een innovatief bedrijf wil werken? Weet jij de bedrijfsstrategie te vertalen naar on- als offline communicatieprojecten en -middelen en ben je een echte aanpakker? Dan gaat jouw hart zeker sneller kloppen van deze vacature. Urban Mobility Systems is een dynamisch en snelgroeiend bedrijf in de “clean-tech industrie” dat praktische oplossingen biedt voor volledig elektrisch transport van personen en goederen. Naast de ontwikkeling en productie van elektrische voertuigen voor personen- en goederenvervoer, is UMS ook werkzaam op het gebied van elektrificatie van industriële werktuigen, oplossingen voor energieopslag en (draadloos)laden. Bij UMS streven we er ieder dag naar om een bijdrage te leveren aan de versnelling van de energietransitie. Dit doen we door: Hoge kwaliteit (Automotive kwaliteit certificatie) Betrouwbaar (Redundancies / fail –safe’s) Schaalbaar (Geen “one-off” projecten maar seriematige productie) Economisch haalbare oplossingen (Ook haalbaar zonder subsidies) Wat ga je doen? In deze rol ga je écht het verschil maken. Jij draagt zorg voor het uitbreiden en in stand houden van de naamsbekendheid van UMS en haar diensten. Je bent een winnaar en hebt een can do mentaliteit. Jij blinkt uit in het bedenken, coördineren en uitvoeren van allerlei marketing communicatie activiteiten, bijvoorbeeld events. Daarnaast ben je verantwoordelijk voor het marketingbeleid, inclusief het opstellen van de begroting en het bewaken van de uitgaven. Jij bent in the lead! Jij bent het aanspreekpunt voor communicatie, intern en extern (woordvoerder); Jij bent verantwoordelijk voor het schrijven, coördineren en versturen van: nieuwsbrieven, persberichten en (personeel)-advertenties; Jij bent verantwoordelijk voor het opzetten en inhoud geven aan de Marketing Roadmap; Jij bent verantwoordelijk voor het onderhouden van onze Social Media kanalen en website; Jij bent verantwoordelijk voor (een correcte toepassing van) de huisstijl. Genoeg over ons. Wie ben jij? Jij hebt een afgeronde hbo-opleiding richting marketing en communicatie; Jij hebt minimaal 2 jaar relevante werkervaring en klaar voor een volgende stap; Jij beheerst de Nederlands en Engels taal uitstekend; Jij bent organisatorisch sterk en stressbestendig; En last but zeker not least.. je bent ondernemend en een self-starter! Wat bieden wij? Een inspirerende werkomgeving met de mogelijkheid om je te ontwikkelen binnen het bedrijf. Deze functie is een verantwoordelijke job binnen een snel groeiend en no-nonsense bedrijf. Wij bieden geschikte kandidaten een passend salaris en arbeidsvoorwaarden die marktconform zijn. In eerste instantie betreft het een tijdelijke functie met in de toekomst mogelijkheid tot een vaste aanstelling. Bij UMS is er de mogelijkheid tot veel eigen inbreng en werk je in een team met enthousiaste collega’s. Interesse? Stuur je motivatie en CV naar onze afdeling personeelszaken info@urbanmobilitysystems.nl, t.a.v. Wendy Kool. Reacties via een andere weg worden niet in behandeling genomen. Voor vragen over de functie kun je contact opnemen met Wendy Kool of Joost Verheijen via de mail of op 085 – 130 0090.  *Acquisitie naar aanleiding van deze advertentie wordt niet op prijs gesteld.*",2021-03-16 16:05:38
3e9530de3931709f,"Online marketeer Internationaal Ben je creatief en weet je ervaring en kennis te combineren met data, om zo onderbouwd tot de juiste strategie en acties te komen? Lees dan verder wat de functie van Online marketeer precies inhoudt. Solliciteren  Als Online marketeer richt jij je volledig op de online groei van ons platform: hoe kunnen we onze online groeidoelstellingen bereiken? In deze functie ben jij binnen Royal Brinkman een belangrijke speler in het e-commerce team, dat zich bezighoudt met het uitrollen van de internationale e-commerce activiteiten. Binnen het online marketing team zal je nauw samenwerken met de verschillende specialisten (SEO-specialist, SEA-specialist, content marketeer en e-mail marketeers). Je komt te werken in een jong, gedreven en enthousiast team van digitale denkers en rapporteert hierbij aan de teamleider online marketing. Daarnaast behoren de volgende werkzaamheden tot jouw takenpakket: Je bent mede verantwoordelijk voor de groei van traffic en leads op de internationale e-commerce omgevingen en neemt gericht actie op SEO, SEA, email marketing, CRO en het opzetten van overtuigende landingspagina’s. Opzetten, uitvoeren en optimaliseren van de internationale promotie campagnes op basis van de verschillende promotiekalenders. Inrichten en optimaliseren van internationale (geautomatiseerde) email campagnes. Versterken van de samenwerking met de internationale verkoopteams en hen overtuigen van het toepassen van de digitale werkwijze/denkwijze.   Wat breng je mee? Je hebt de ambitie om een expert te worden in je vakgebied en winkelt daarnaast liever online dan offline. Je bent een echte digitale denker. Daarnaast beschik je over: een afgeronde HBO opleiding in de richting van Bedrijfskunde, Commerciële Economie of Marketing en Communicatie; minimaal 3 jaar werkervaring in een vergelijkbare functie; communicatieve vaardigheden, je bent gedreven en een teamplayer; overtuigingskracht en doorzettingsvermogen om veranderingen te realiseren; perfecte beheersing van de Nederlandse en Engelse taal in woord en geschrift.  Wat bieden wij jou? Wij vinden het belangrijk dat de juiste persoon op de juiste plek zit en met plezier naar het werk gaat. Naast een marktconform salaris en ontwikkelingsmogelijkheden op ieder niveau en werkgebied, bieden wij: professionele begeleiding van je collega's; 25 vakantiedagen en 8 roostervrije dagen; een bij de functie passende laptop; vers fruit; flexibele arbeidstijden; gezellige halfjaarlijkse bedrijfsfeesten.   Onze waarden ‘Global specialist in horticulture’ is wie we zijn, Let’s improve together is waarom we doen wat we doen. Let’s improve together staat voor de manier waarop wij opereren; samen met telers, leveranciers en overige partners de tuinbouw wereldwijd verbeteren. De waarden verbinder, innovatief, betrouwbaar, behulpzaam en specialistisch zijn vaardigheden die we nodig hebben om onze belofte waar te maken. Ze vormen de basis voor alles wat we doen en uitdragen naar klanten, leveranciers én collega's. Het weerspiegelt waar we voor staan, ze zijn onderdeel van ons DNA.",2021-03-16 16:05:41
